Class,Filename
4,AaBdlOBgcDrdwGIPzrne.wav
4,AAfgTRVwjsaovqGVZgkf.wav
4,AANgMLhDujuKDIRYFBPu.wav
4,abIxkGnHOBaiHerQotkU.wav
4,aBKFxPgsAeukkagzYuVu.wav
4,aBPwhVrsMtmTOqEOhyQI.wav
4,abrgHdsddnyLliTVoByq.wav
4,ABSayKXaapYwLYRknMmC.wav
4,aEYweWncbSgCpFYnEXhF.wav
4,aFiomXNXmFJnyOqMFDjo.wav
4,AfNdbDSRbMnFPiKfTHYt.wav
4,AhrgdiKRXQMxEWUvKNVJ.wav
4,aJgBZQRZvMeCgntHSDcL.wav
4,aJHmHZUpojTdkMLdSBCx.wav
4,AkaDYpgrlargXBSvTvSr.wav
11,AKdpKSGwlawyktopJrLm.wav
4,AKLkbBNBYzruZgOAJuUi.wav
4,AKtwnjNOfEbNuKZWInuL.wav
4,AkXddzXTxtKaScwgavfH.wav
4,ANbPyXOvUbxQWTSMfXpd.wav
4,anLuLAfBwLnHDznAskxr.wav
4,aNVcGCXnCtbolRuyAIAU.wav
11,AOnWvCgTeUrYcxdaEzLG.wav
4,aOqyhyjolcuwcLVBubcf.wav
11,AOwaDJicqqfrBqJbQZMS.wav
4,APsUFuQkFkOFSDFRqHMA.wav
11,aqYgWMRmOYkXmPJwjkmx.wav
4,ARKuJetOpaxsxwZOFOVy.wav
11,ArVAlZAGAvCTFVqdgPwM.wav
11,aSeLdtHGdGJHnftiIVCc.wav
4,AsVdLpEvmPPiEgzWtpbU.wav
4,atGQkuuwRVlKSgylcyOv.wav
4,ATLIdThSZnrRvEcJopfz.wav
4,AtnZBOesQedLaonoemme.wav
11,atXQlgSLSXhgjYxoaToA.wav
4,AvDyapTCbvhwXbrkkWQk.wav
11,AvhvxpLsMyygkQpGqfFU.wav
4,AvNQHRfWeEjuxqCccJhd.wav
4,aVpzPorQpUQcifhoMMlV.wav
11,AvZOQNtdizWHBAOhxScG.wav
11,aWBhXDlAZZPwCUyBhwDU.wav
11,aWXRBlLqJSaYeTasqqBt.wav
4,axgKfJydXVPnvOmEHjSj.wav
4,axhKeKMBkTckAqRcwipn.wav
11,ayePiRecUIYMkgFXCEMN.wav
11,AYQuofbucGOuPSiWIkNE.wav
11,aznrKwLoUuNwueCXuCeB.wav
11,AzSHSLFMCbAfHYyXrLGC.wav
4,BaFtPvBmBltZzlImZUqt.wav
11,bakILLBsoFdJmKyOxvSf.wav
4,bbcmciezJlhCGXScRIWi.wav
11,BByJQuzjcFAloQoJIdgB.wav
11,BcoWcjCVGNCBwSotXPny.wav
11,BdEnOuPGeoBsoMXgKNwi.wav
11,BDFwypdhkrQVkVLbpDeY.wav
11,bDIFUSATyRkDeQMmmbgZ.wav
11,BdpcBuhUNmtIXQLDPNnD.wav
11,BDSPrRupdEHJYPqnxTyq.wav
4,bdWbecxeMWvzqoKIchLy.wav
11,BeHPRNxfZGwBoqclEHDN.wav
11,BeljPuhRacswNISOnzko.wav
11,benXSnJWLXEzPHKHVcRM.wav
11,BfGWHWZmKeqzSvzxUFsU.wav
4,bFIPyrlTVXhttovuqgsj.wav
11,BFkgQttlYRWCXbKGNMXC.wav
4,bfMglsweyLYGYTYyTqLb.wav
4,bfvxyOEIKDQLMGaeywJg.wav
11,BFxDdUnkSVbiFqFmFOTa.wav
11,BfZyaRlgJNBokwmcmTcK.wav
4,bGeKcFvVeWrpCKSryTJY.wav
4,bGLlotmRrABTNYwknekW.wav
11,BGONTsTnzpNVlYnXtFZC.wav
4,bgRqWXVrdzGiKORZNEvm.wav
4,bgTzxHPsmVLtzajZPCZb.wav
4,bGVsLOunlYWNgLAiwJne.wav
4,BhGWoRgpSWVlmtkWqxQj.wav
11,bhNXysxVwYKRrkEVqiRa.wav
4,bhWqQuTfeJHSYDWPMSsg.wav
11,biitfxFgutSeIgTXxzZU.wav
4,bjVgOdfhXkeOpamKEWmX.wav
11,BJXOgzXXpSznyrSYaMHm.wav
11,BkDBgHaGXSRytVHIztMt.wav
4,bKGFNrUPLTMETDZmRPzJ.wav
11,bkhikITpzCSRVRyYFzHu.wav
11,BkIGAQhyBLfosbGAhogV.wav
4,BkolknVmiShfOKRYzwwW.wav
11,BkrRYMkeWQyKwYyYNqBK.wav
11,bLNTBZGOhAijGbhccQDB.wav
11,BlxoboSNkWBdyhFtgEHl.wav
4,BMzWhHLZAZWGvrkRFGLi.wav
11,bNbfafoYkQbSmZaUCqVF.wav
11,BNfBzLlKLpADguCDoKgj.wav
11,bNjdDmyJSTjSrTJFCxfd.wav
4,BnjmYNGNBnJxVfoSmNPU.wav
11,bnwYhyZpAJJvmXmJDMCt.wav
11,BokfMziRVWOwYBCZpRel.wav
11,bpmxsdhIgNSxBhsemHpx.wav
4,bQcFLLliRYblXhEmlHhL.wav
11,BqplUByZwsgyJrGQUNBT.wav
4,bqwHjrrIgxZDrRISdKdK.wav
11,braFPdvUZrTywwdjKRov.wav
11,BRFkBostiHclQKnAhNPH.wav
11,brHKYNXDLGEPxlJfUMje.wav
4,BSHpalPkhJJGBDyMzXXK.wav
11,BtJkwDqsexmbsLPLQZZV.wav
11,bTWqwOlSZVVoYumMCkbt.wav
11,btXpUFXNRXGamaSlwQKy.wav
4,bUJKSwtJayTsAUvGOlXa.wav
4,BUlvxRpZWIuGmoYhuScv.wav
4,bUqoKOpmNxrPevjHojPt.wav
11,BVFlmDVOwJJFAwWfhUIp.wav
11,bVnhRYcpCrHaIZsNrBNr.wav
11,bvRuVyDslAigOoUlQlAp.wav
4,BvsjrylOiNBmkCIqUpJq.wav
11,bvVcZrFNKdvkmxVsUfUV.wav
4,bwHrHCMStLokrVEidvRK.wav
11,BWMwUWyrutFcbIQsDiTn.wav
11,bWrPoKQGDpIzoakIuApN.wav
4,bwsvkxhWbqalXYCIrxhS.wav
4,BxCGFdkVtKdYlyehJvLA.wav
11,bxHEijVlJTpqkcWggeNo.wav
4,BXNdalHIvAbkLxopnrZW.wav
11,BxqhsfaAOCgxYvSSgujb.wav
4,bXqpVvyfesfbPIsWNbAU.wav
11,BxYcxfiGbowWDrEazYLq.wav
11,bYczKRMahAZekZEoOFFM.wav
4,byfpiJAxJQEdNywhNCVK.wav
11,byHIyGytGnjWEhjDBjav.wav
11,bYLAXXPKTridHUZGPGVy.wav
11,BYUUFnhUWklfZJoaEROW.wav
4,BZBFGwdesoWjZtMaQyVf.wav
11,bzjziTESSejkeRndThbu.wav
11,bZousxlfcrxnwMeyqFyC.wav
11,CAOrKngRDSjiFVXZzFPE.wav
4,CAZKTsAJECVJFjTkRFgy.wav
4,CbALeSyMiJtVdmgGwlaU.wav
4,CbkznxQTwHtBcDCWVNdF.wav
11,CdOFZKCTsSJjawhXxTVm.wav
4,cecJYOwMFVVjebwIdvnu.wav
11,cefWhdGrtexktvkNFiDz.wav
11,CeUDTDiBOaoSVsBeYDky.wav
11,cEUsMshvRVngMgyNrImP.wav
11,ceVmzhfedkMPHJQUHxIa.wav
11,CEysjHjcYewycNTWUgBq.wav
4,CFDuadQlaezROKIxDavG.wav
4,cFFHiWTAZHxrgUqykCtj.wav
4,CFnJZrZZhmmjvLcuijwT.wav
4,cFtQjvGylvZNppduYyCy.wav
11,CgifuvUHNYcHEtuieDKR.wav
11,CgiRkxgnZqDJrEPiolCR.wav
11,cgRxNjDCBSLaaWDvTBIR.wav
11,cGzwuhKqKzXTKbBCValM.wav
4,chebBYFJITZJwgUUIywR.wav
4,CHSRTaEpppJofaVjFMUE.wav
11,cHvUBSeZsnMrVhNZXJrD.wav
11,chyrNswLrpgaqnPRXlGW.wav
4,CIaocbkrbkUZzoZTCSkn.wav
4,CikUtnYSHUBSBEvKjQoI.wav
4,CIUaHACghOJwjeZhJtsf.wav
11,cIxqrcUprroCzjjoWMKb.wav
4,cjejJQdZrpnpwSWkpUfK.wav
11,CKJnIXOneAWqoalhGsrY.wav
4,ckKiEddMbiqJXWEyYKyJ.wav
4,cKLspVjfeARwOcxsCsLU.wav
11,CKpvvDFnafHEfxRidvau.wav
4,CktGFDHCBFRtdlPpQzpA.wav
11,cKuPEuZRfswCDxuAaQRE.wav
4,ckwgtqFRTsHSPCOgXAmI.wav
4,ClFXAZEavtrtzZeHhWNT.wav
11,clplGfXbaMXorifJvOaJ.wav
11,cLQVGVEPbiQKTAkCmYIU.wav
11,CmikWywGfhkMzOkRMHrD.wav
11,cmKUlLXQckhitWHiBRBI.wav
11,cmxbsSspVhknsYNiuxmS.wav
4,cnngoLiiplDzjiHJDaqu.wav
11,cnsSOoTrWCQFAiNbHqDr.wav
4,cOOnJhtVWxmMEUtqsdzV.wav
4,coZBErXcVpgBjKobVGUG.wav
11,cPyTxTwrcLapMKgwGJKk.wav
11,CpZtFZeyOaZiigHZIVLw.wav
11,cQlYwFwpNxeTjOinMazQ.wav
11,cqVnqSvdCIUsXuuldygj.wav
4,cQxIDPvvUbIgDUNwnZMv.wav
4,CroItryxAJFUwcSGONeC.wav
11,CrpJznWSMkTGHyquIKNE.wav
11,CRPKMeNdEaWSHiWCKxEu.wav
4,CRSejbxJmnfuiuoUJvJb.wav
11,CrTAXdjIBRSFSmUJcynr.wav
4,CSkzieintceNvGDhfMVB.wav
11,cSqcymNTJwYvfvNplrFk.wav
4,csrNnWeMJtMFNtZzdxIw.wav
11,cSuOnkrKluAsdEbctPoO.wav
4,cTaywoqGppxkZMOKEZAN.wav
11,CtTzwyGEGeIjZkzmhedy.wav
11,cTwxkZDEXAzgdcwJFgWe.wav
11,ctymlSkTaVCgyLsFpBoK.wav
4,CVDRQRXrmnEUqKmOMzuy.wav
11,cvgyHAqSGKWqCYATfiea.wav
4,cvkvMWbJcoxdxHoYpPkk.wav
11,cVshsJuEmwRkCHJxZOxo.wav
11,CVUutIaWsxxUMOxfXMEh.wav
4,cWZuNpKnpssCvllFPtmT.wav
4,CxmbdxbgwFtFAkPApsSs.wav
11,CxuvWOlajenbkMhHnmRh.wav
4,CYixaamvJwvMcSqIqVUu.wav
4,czyGXmEmkQfoBRzQLvcj.wav
11,dAdZVXuIdkcHbwREKwVP.wav
4,dAgfjnoFHieDCfeIDvvD.wav
11,dbbbLRyGCmPBksfRCzDN.wav
11,dBlqszVzNZIpfAslelaX.wav
11,DbylDmSYNCXQksMhgsHA.wav
4,DcVGkfcmsuStEdRGboHm.wav
11,DDHxehlgllGtZtCcuMZa.wav
11,DDmiNiAqSSJPpzzojLOO.wav
11,DDmWrAmywjLqivhTtCcy.wav
11,DdPytwNYBCUQHBEoroBg.wav
4,ddyoeCbjLacbUAAmzZAI.wav
11,dewxRaxaVtMULEJeDblW.wav
11,DexxxhDDcKwkpoCOkFDu.wav
4,DeYhdWkLIiyGAhtGxwVF.wav
11,dFcAjiVOybwohUPlYWMC.wav
11,DfKPOjZeRhqbYbqVFyRG.wav
11,dFlUJFDofWNDhgNYezUm.wav
11,dfuKUEhTBRlNpDyHQJfn.wav
11,dGPtfmQsHkUiAaqDdssF.wav
4,dgZUbMyjVQdRoeYkKRJm.wav
11,dhguImztfoJWDcCAlqIZ.wav
11,dHSudYnmXLMiPbdaTTdv.wav
4,dHzvrIjIGZLgZtTlqNDC.wav
11,dibHvxfBqciQBspxKnhX.wav
4,DieKuQLqEyaeowUsCLYN.wav
11,diiaDvcoYTBrSwHxRKIT.wav
11,DipbzqOPnFnZfvXgTuCq.wav
11,diQrjhclVNJyxcTpeOJH.wav
4,dJAgfpMfNSdzDkusfdbH.wav
11,dJFpAMvpSxoDtTVlulUc.wav
11,djQFCXXlAzxFErFsinlq.wav
11,djXnIYLpoSsvhwTsITSa.wav
4,dklqPPhlZvnqKQVMnkIl.wav
4,dKMFWUhMZsoBTclJPGAz.wav
4,DkWnYMQUwrcBUdNIygQP.wav
4,dkZTQMMVIdXASYFCRXIP.wav
11,dlhCNZPFfqVxxihOsddK.wav
11,DLzCIGWPnghmzpOmgdWB.wav
4,DMcQQNSsqhFnvjJKAAJf.wav
4,DmDeUZplqEvGtrwRjvmN.wav
4,dmJmSDOEXJQgwGMquLDV.wav
4,DMMGsEsDLxWkJxfUVCKJ.wav
11,DMohkacbDILDauVsxKxH.wav
4,DmTovPPALrWAMhAmBCKc.wav
4,DMwDwbNPhBpYUdutQebX.wav
4,DnDlCohaqqawsbPCuLmB.wav
11,dOMaQpFJKtktxDuVzgJn.wav
4,DOXrkXWESJJvVPomCjYu.wav
11,dpBVCNuIOrXOLNnDwmsg.wav
4,dpLPxfiooAtDmjBtmsFx.wav
11,dpMVfpsNrhWICkjftIde.wav
4,DPQfWBStuvSefPuYhyCN.wav
4,DPTmbQKevNarGrNHZbXg.wav
4,dQIRojgnJQhDwLgeuYNY.wav
4,dqKapJndLXwGWrumANIP.wav
4,DQnvYnQSRybcWEyRaJPK.wav
11,DrBhyamvvvWWHhbSossX.wav
4,dRCxWvuceItaMYhEFQzw.wav
11,drjCLnzwlQLoKjJVeOCf.wav
11,dRwMOzIZWTBkQLANgoGm.wav
4,DSbUtBLeynVhtqTUqhmv.wav
4,dSdUebTKIRmYtvzJXQFM.wav
11,dSOXvMpfYXiKXtIjTrZv.wav
11,DSrinaBrPYbNsqIbXCaU.wav
4,DSTDuWXZTABtPwMTgDtp.wav
11,dTDITBtIHXjGfOZjtlJE.wav
11,dtecgKYIWessYHZBhlqP.wav
11,DuBPhwUZajNlYjiryfCH.wav
4,dUGMubRXudRDJckgqyUf.wav
11,dUvlZzICIFjcIUteeQcC.wav
4,DVETfJlyWucToXjNiUUI.wav
11,DVQwVNgafXIsouHKFQwo.wav
4,DWEUTukiNrcfpEWuepnd.wav
11,DwHIKbyCMPJmlMhFPRRH.wav
11,DWJoyjFPRpkeMzyTlJWY.wav
11,dWUoFTVaEWDlvkbCkVYG.wav
4,DwVArbDLPyjAFOKZuRaR.wav
11,dXfTBcHVTlGLgCzhbyDN.wav
4,dyCAbbPHnZZyGcgvkWkx.wav
4,dYcOjYvZwwWYtmQDcYFg.wav
11,DyURehiDuRmQtqsxogdf.wav
11,DZlPbeMyLohlXZFSGCQN.wav
11,dzrfzgrnFzmUWHsftLXi.wav
11,EafpDKaepNWhwqStSTQe.wav
11,eASIRapvDyeeWSagQUAk.wav
4,EaYdzqtqKhZgmITDhCpx.wav
11,eBfveYlHMSRBvUIjzwgE.wav
4,eBWCrhdQTmlpNawkMzjt.wav
11,eChAjFTGtqPfzxMASJgY.wav
4,ECPdYJDhYrbAgmdEdkdP.wav
11,eDbOZgQqhKyIvpfQuGgG.wav
11,EDlZZRwpwTKCXKWztmgT.wav
4,EDMCbYKoKzkkulwrAvAx.wav
11,EdnlJMxZzttVrFdKcDnA.wav
4,EdPgNIiwnqRcsgSxlYbY.wav
11,EduKUwovZjakljGnmXwh.wav
11,eeFwUAsvuhswKWFtDVZY.wav
11,eeRdhNunUQSXNYqiIftT.wav
11,EevhPNtIPpwfCOVuAooL.wav
4,EgJUkhwvMxYLgoThvAAh.wav
11,EgSwTVKnbdNGECqSTaHp.wav
11,EHAIuYrjKegUowDyquHg.wav
11,eHcxSTXpJpxKvuqTtQMl.wav
11,EhfknsgqDjluTJLsuvGX.wav
4,EHhRmoAOjwBcLogIYexc.wav
11,eHLbKGmiTRQttEhMxixn.wav
11,eHlHrpAVqVlqJLLbkzyS.wav
11,EhXvsyYEumgJxEIcmUPq.wav
11,eIPlSRpxdUxGeNqRuSiX.wav
11,EIsPMqqRaxOZMErpIxtP.wav
11,ejChQhXMkQJVPdCJWzLE.wav
11,EjkElVaivjPTJMHBRYDq.wav
4,EJUMxhgQsYUkcCHWgHAF.wav
11,ejwdMrvHoTXLJQMnjIUp.wav
11,ekEhbHjOhHqpGJeFXWTu.wav
11,EKeqMUWtDbtsdKgSgZVc.wav
4,EkLVqzflttiRCsqYQdly.wav
11,eKPwUpwOWOYrhnsGbEdX.wav
4,EKqwEntaAUQPKcYCdZZO.wav
4,ekwBuyQYjnlioiZsMrRG.wav
4,ELGOSKIhmncNdvXildcc.wav
11,elGUDdIMdLSuwjSvAGJn.wav
4,eLMpdRhqkvqMWSuuPQBx.wav
11,EmvEzuaNESpORbcViNQM.wav
4,EmWNBdZJuUWXDLbEQkep.wav
11,EnQZnJexGAPHegetrnYO.wav
4,EPbThXRorRDZlAzztEeT.wav
11,EpLcIcnqGsHiEGGbmqdD.wav
11,ePNXRhhxIjXuTCtFQDsC.wav
11,EPopVzUuKUUKnbChoqnv.wav
11,EPpImvWJMpWHTfeEfaIi.wav
11,EQiooAuCxTWZFRBcRRzj.wav
4,eQnyZXCxXjRZzLVkjlJH.wav
4,eqRPDlMzJduLBGQlOLtT.wav
11,EQwkZQjXJvuGDIbdhkIv.wav
11,EroocxldMwBEWeapnctQ.wav
4,ErxQxInZqrlaqahaZZPo.wav
11,eSjRaEZxkXVqVKkdvBjr.wav
11,EsSmXzmGJuyOEogTbRdS.wav
4,ESZxROTsJfAeRIOHBGLI.wav
11,ETmqOhVlGULkWWzjouVm.wav
11,ETUfvNIIWZDKkiygoFpD.wav
4,EunCJDrbhgAzvEhWngFy.wav
4,EUngglFCAngPBkdZXyaa.wav
11,EUrdOEIxmSFDUksakROJ.wav
11,eUuIVRETZxMDaMNmAjgR.wav
4,evfjxHaPkCDTTtlcfUUS.wav
4,eVgUSgDmRKdMPNgflWBh.wav
11,eVWgTXSPejpodkkabImY.wav
4,EWbpXmKSbGJEtaosxsiL.wav
11,ewHfVinPEIvHFzqSFFzC.wav
11,ewlDGxeXeklUZFSdlGRw.wav
4,ewSpTZeqSFFrhJZaVzlp.wav
4,EXbLslnYthgtCYHPuZLS.wav
4,exDormLEhOxGsVJyogGI.wav
4,eXinwdQDBeehPSoOMrHc.wav
11,exLKrxpnjmZOjvozxvre.wav
4,eXspSrnRRZIqrgQiMrMI.wav
4,ezPlJsfpfMfzzHYxVGxu.wav
4,EZUKujQNCNpLHHTPLnOw.wav
4,fAcclNfRybZiDlAyjKAf.wav
4,FathesYswmJKvBvnofaw.wav
4,FAzKZdscvZfIMzZOhbaC.wav
4,fbIGWUlbpAhioqPuZsST.wav
4,fbLVIEPUKmVsJbpizylR.wav
4,FBQTfwTRMlzCjwwDRDOd.wav
4,FECKbBbmzkGASMfhkAgl.wav
4,fFaTIjjmETlxUAsCmUit.wav
4,fFkkVrjcLFkIDLdxRAxP.wav
4,fguDttZMUtbcboXRUdmU.wav
4,fGvpfMsZjsGESxYSEcvs.wav
4,FHRtdABWcRXZUprzdYMN.wav
4,FhTAXzgxBzsURkLxjfjZ.wav
4,FhwYqOvhPrOtVFTHXpwk.wav
4,FifCtRzRfcMBosmSgNTQ.wav
4,fijRLRZeupwRyHzROuOE.wav
4,FJEAyJdwPOKNLVRPkyxf.wav
4,fKJohDDGAzLHLVEygqbv.wav
4,FKojZeSYxGqEVgLZxxbV.wav
4,FkPCmYgCaROZLDFgfdYs.wav
4,FLgmZCUktOTBvGTyNrnY.wav
4,fLHaKxyrYjVoanxayHJk.wav
4,FlOxHaKAbyXOySHXAZyz.wav
4,foRzHzMubXDKEXGXrfUT.wav
4,FQBcXOUgbPCcfNoXacaw.wav
4,FqDmgewKsIgQtyGFHvJV.wav
4,FRjgZleWwuiORJbDaqsL.wav
4,FRTwYZcuTEpZzRXqgDZc.wav
4,ftOfCwgreSubtKOCuebG.wav
4,FtQfdWBvnLtcFDyoLJbM.wav
4,FVqmhFDRfhlGlTzlngeY.wav
4,fVyBDknbanWvDaQAgOyW.wav
4,fWaLzkYovMRAnwqSzLSy.wav
4,fwAqIuTqYWpZeUfMZtNm.wav
4,fWuMwGCebXbvaJoxOqlX.wav
4,fWwBBdNNXhbqLjyYuGxt.wav
4,FWylnNmOUhqhjhkdmpvt.wav
4,FXvXIjrWzbVYvDCfTPqZ.wav
4,FyxbguRhPDWoFJrzGRgX.wav
4,FzpSdMBbFtevEnxBGicy.wav
4,gBYpnRWxPqbHNBgFVOJQ.wav
4,gCvQuQzXwornCvPIMLhi.wav
4,gHOvHdPQaTbCGnjnjrxb.wav
4,ghUUFktwpvPZfDVORzlA.wav
4,gHWfoWeKihGrreFVotxo.wav
4,GiAPeVyWxgmGTQrWRYMN.wav
4,giElmfGCIdmcwxADNSIY.wav
4,gijvagqiaVbsqerFvVpj.wav
4,GIzckBXpHANCyLmPmYzI.wav
4,gjCLRwkuzTjizlPcsQnd.wav
4,gjPOhQbsvcbkeecKLXMZ.wav
4,GkNWmKtYYddVKzJYjlIA.wav
4,gksPHQdaAaeHEyvFcEKM.wav
4,GLsvSHOqegtTqNrGoVEt.wav
4,gltqnUXuEJoSvqNCYqOf.wav
4,gLVSfawfJUhNWghGhxAh.wav
4,gMDuoCHfHxiRQSVscKnI.wav
4,gMjAtTCqtZPnQgqbpizT.wav
4,GMWBZuEBinFOfrTEtXbw.wav
4,GODCZUNDxeMVRcwXxRYp.wav
4,goVhRxlElsvWIeemkUTS.wav
4,gpXYZypAzeKxkvLYanaO.wav
4,GqivySnTjynfpupDtKkA.wav
4,GradZwScoykBykXeOwZH.wav
4,gRnpIQWYPcbMAXDZARbU.wav
4,gtdYkJjFNAErjTNfCaFz.wav
4,gtLlfxKrwBDZNidraxBa.wav
4,GTOSkCmYCKruQjIoFOiP.wav
4,GuQiSOZmrcHuFmkiBhIp.wav
4,GUUogFgcylMnortTXxrD.wav
4,gVbMRCcxAZyxQplqShOJ.wav
4,gVFrMmtfRxAZMVaUCeQT.wav
4,gwIFZxneYLhuNKfhoGlp.wav
4,GWrkwGckMvWkQCxrsJHa.wav
4,gXQxssfGkQUwglcGjSKt.wav
4,gXuVoCnyyiXCCWrJtlQk.wav
4,gXZByEYvxrrOcUyATXjV.wav
4,gYfGBruiPRWElgLkLJbr.wav
4,gYmhbERPEKfNpfJeBYQo.wav
4,HAhTLmCpfCGGFpaBzHgi.wav
4,HATAHPpIrojbhmvzrXEx.wav
4,haTHhqbbwYcUqaNUPFEa.wav
4,hBunhMLTAokHpVjYHhxS.wav
4,HcSIdyKiVsaFNAKMovLd.wav
4,HeAELQivWeXVAnEjpBDI.wav
4,HEblwWKddLsckTTsnofl.wav
4,HehyVaQUlQMCEotBGKIF.wav
4,HfHHFydWCtMqBnCdCNjc.wav
4,HFOvhhNpJQnGSlakpROO.wav
4,HHxtqxzNLoqhxfKbUJsN.wav
4,hjsJWZCsXBMApIehHELj.wav
4,hMhnbEwyqhUFFINSapOD.wav
4,hMJkniXGKMHSxvAhdMqP.wav
4,hMmDeBzFawCNYtjCWvtA.wav
4,hnchXqScgPPwimusOLRs.wav
4,hpfWjhfncKHFgaXlCIyc.wav
4,HPNOBkyepsoZYOIaVfMn.wav
4,hptsQtKDWOssrOCqhOtu.wav
4,hRsXTSVtxGnYSRvUyMWA.wav
4,HsiPNxeWEjdsuRvmpqTC.wav
4,HSKAKiariUArERFJsXPk.wav
4,hSmBxOJMsyqGKEQcKWuX.wav
4,HtDTaLBvcfwTyshcJCNu.wav
4,hTgHWLdmDgMCRaVbyRem.wav
4,hTyImRwdnlJsWtgynipF.wav
4,HvFyFpQEfpcIziFeaXQb.wav
4,hwIrnGIFCfCLpKzNqNDz.wav
4,hxPkJUrLQEEnIWnSUkRC.wav
4,hyteafYeyqePlpAyKoWh.wav
4,hyuSXhTBPScUSxDfIbld.wav
4,IbaJZHKaWFcCNPoKnqAs.wav
4,IefUvZdaRezsdeTEZhbg.wav
4,iFEJFpPiDdOqCdaSdtpD.wav
4,IfhoItNkyHvJQZbkZSlq.wav
4,iFuCLzZMGWcGwfHphjcK.wav
4,igRgovnKLIuypEnJLiZS.wav
4,IHodujABItGbhyIgslXy.wav
4,IJKfWuYcIvkiwtsTFNKI.wav
4,iJmdeHgWjIqnGgNEHeIF.wav
4,ijvnQjuLgXoESRHOCpSr.wav
4,IldxNkwypPzoDgDGHazh.wav
4,IlHbixAAimTIAYkpnGpv.wav
4,ILqkyPyynYtcMVhbWQxd.wav
4,IMmRHTukNOShlImAdzGw.wav
4,INCnzheJVUIVrsJiMnMY.wav
4,IOAKlWQymeyhTvTvCrba.wav
4,IQwEgPrHDLHGTazfQLxs.wav
4,iSCemdnJGWnerbNgsNlV.wav
4,IsCRScKItJwPXteXRYkE.wav
4,ISiFgNvvbcrKNLBuxABA.wav
4,itEhSjxQoevvzqKjqOoQ.wav
4,ITSjZyDoaZgoUZPvIdDi.wav
4,IUKkLnNfYFmGvDhEUfBA.wav
4,IuVEIdhSJBZBImqEOurI.wav
4,IvacdGGrrKiflFYbxCAa.wav
4,iWOkAtcZvarHdQWOutCJ.wav
4,IxeHKNtWZcZPFVlZVpHO.wav
4,IZHhxDlvYNWHzkDqOWIe.wav
4,IZHjygxJKKdzYzZQdPhJ.wav
4,IZQlGmoNTKYWJbVZKXHI.wav
4,JAHAlcXSpTiZRnOndKtP.wav
4,jAIjjoLHKQNOwnIPkknc.wav
4,JatDvwLibwzrmzDnKNiR.wav
4,jbUXyhntnQNOGDkuTraR.wav
4,jCeKJgEEeTxSDPCEZMLa.wav
4,jDgXPWgahVGwtRbhzWbO.wav
4,JDPAcdcFBWQNCUMQvhef.wav
4,JEeqabCbMwUSHhPkZAbK.wav
4,JerCETCFuPMwyKaUXFNC.wav
4,JGSFzrSCtbcFqVFooNxo.wav
4,JGzvTYKHrYcUjAzBfgjF.wav
4,jipMnfChpylXNQJLcBHh.wav
4,JKOCfXnOHixjIlnxxdkr.wav
4,JLpoLfrmiddSphmsNzoe.wav
4,jMCnfpyNKxGQMkCYZEWx.wav
4,JmeIyXJLXiiymwojLlft.wav
4,JOIQrJSkGIFviOyyWHCP.wav
4,JqCrTcmXDQwMVrbxeaAK.wav
4,jqHQRAkYyThEtbeuGDDL.wav
4,JqifoYOUVmTzIoDPcuUP.wav
4,JSDUKXYJivFPrFzhMtme.wav
4,jskoRvzMYfggOjDSVxhE.wav
4,JTJGQjJSdrPjeoSzBCxh.wav
4,JTtCtTmDKYwsZidxSjpj.wav
4,JvyXnmYsyPkefszmLLlW.wav
4,JWDhDsegWRXiarbthYFg.wav
4,JWhyZdVlqVkxFLExOciM.wav
4,jZdVEoLHAcPMFrSGYFFr.wav
4,kaBOfQFNeEsYOBTqNFwc.wav
4,KbtOtqpIPiflCbhlOzWD.wav
4,kCbiwFFJeqfLZVhiznSc.wav
4,kCTmSvzgWNQIoOXwWGMd.wav
4,KdpuZGxaWzcGlOWDLZhp.wav
4,KDqTeDOjMYWKmjXWnhkX.wav
4,KevIFkBMKjYjcrhdwcqj.wav
4,kFvkqctuoRHiRhRXsAUh.wav
4,kFVSIcHchEtmiLJfrICf.wav
4,kHGrBhqgzPxstsGwyltj.wav
4,khWgMgofbFbrOJSIwGnl.wav
4,KIeAXrwxyemZruUGUdRl.wav
4,kIFSzVGoLrJrbENmVmcw.wav
4,KIUfKJOEXiHAiJObvhLX.wav
4,KJnjTVbTgNQRZYFKNYXk.wav
4,KlHBVCBriRgsuWmsfeaA.wav
4,klyXwIqYXjTZuPsmJXnt.wav
4,kMPNXGGUOcVfCSWVMvsr.wav
4,kMVzAqyNrtBPjZWPidYy.wav
4,kNWrVkLsXjShaRInhttE.wav
4,KOdQhaGLLlOVcpYhikmP.wav
4,KPlGQUbydetDXjIURfTs.wav
4,KqcUcqYLQavhKqQKHtUM.wav
4,KqwSaxQOIjHqBUJzsDop.wav
4,KrBVFcKeIVNMarPXOnik.wav
4,KrlYuifzSmMpuuOaXKKT.wav
4,ksmvaYexTxjSenpBBXWX.wav
4,KtRwIKKFgjvnYreCoDTQ.wav
4,KUBuHRvecdPiknTpLNVz.wav
4,kvTWVmbACsfZoVbQuBRK.wav
4,KWliiSQgNaCLVUGbSZQN.wav
4,KYbqBmlAAFvoLkifVWxy.wav
4,kYdotIlsHrRdSZLEgxfN.wav
4,KZVtKiWLEZFyQbjiQQPK.wav
4,lbCpUoQLsEfRHYZaJURK.wav
4,LdbyAqJdzGdOBsqKRwXG.wav
4,LdjhythKQwzDUpDXXvif.wav
4,lDmeFDcCqkElwUewRMnE.wav
4,LDOapMzJGEHLsuWpHKdN.wav
4,lDTUNhNqAeAHGqXHJBRQ.wav
4,LEjfqmpxXGaGGTkfvXQe.wav
4,LeQetacdItRRtJcumqXO.wav
4,lfjsoSdBjomjynfvNwDg.wav
4,LGaRTHyVLBMIzvKKHTHT.wav
4,liOZEFWYXtEFxSNAlmFp.wav
4,LiPXOswFhOdkHGuEhOfS.wav
4,LjQQSClyjqzClnNQmOzr.wav
4,LlqTgQTccXTkrCZFCuPE.wav
4,lmHARxwVmiHeuvIGmDLl.wav
4,LmwzPSFtujmEvTySsweE.wav
4,LnCazhFhwQaPKwLECWYI.wav
4,LNFePRbJoaPcVxGuozXI.wav
4,LnqWxclEspqyndTClZVo.wav
4,lpuOOKhCprvahmuaEuoa.wav
4,lRpYyGchcuWJHpPvODUY.wav
4,ltdmWIebPWdQjyKFZNsr.wav
4,lToXXNqxFKbyhVPLyPSo.wav
4,LTVivEyRzAQcPOkLJlNh.wav
4,lVPyDrNfSqfuGJPBfnAL.wav
4,lVTKsGtKcbXmIYyUewam.wav
4,lVuwrjNieUckHCMfwTka.wav
4,LWMEUhEQoVxMxPWVqvel.wav
4,lWxSRcRzVvlsEoNqnfCJ.wav
4,LxGCkLWLlRxmvZonRtYQ.wav
4,LxSvdGBOKONYQROzojVU.wav
4,LXUMZnwawIeQIHyvDPPN.wav
7,QuShmBoBgvFhoDXPBtvI.wav
7,QXcUQHtzKowEuGRthXXL.wav
7,QxLSDFLDgyoGnecXrwsu.wav
7,QyETInfGvtTsSzwolVbg.wav
7,QYsJkgSOdxWwZVfWyLHZ.wav
7,RAjRZSMDRMyyLrgHatxc.wav
7,reflTxuriNDSkddjYACp.wav
7,rGibVSEgUmPJplkzewBG.wav
7,RhyEaPaODrmQTgeMAHzn.wav
7,rIeXwCGxagkJgyPuuCCt.wav
7,RihKwmcuZTwjrrgRpFku.wav
7,RIumcHykqSnEemtTKJBL.wav
7,rkqpTWmzVVEfifmkuFgG.wav
7,RmfluLUgJRtKohmqFEch.wav
7,rnempfnHVhexKWjNNvmK.wav
7,ROgAXxOFugWlgspRQMrt.wav
7,rosGDHlrkovzAxnAYfUH.wav
7,rpWpuzjzAuoNUSciPtqd.wav
7,rsAyXoKnNqrdcjcCtFLn.wav
7,rtMWaHGbFJRWbGtPIzKu.wav
7,RUVJjMqCCRFkjcWyyvCz.wav
7,RvDPPoVQRuiryxWEPbHA.wav
7,RVQjGOAzLArseFuQZzAS.wav
7,rWCQNTVKJNJIVYhSCRic.wav
7,RxthuHndjxosnehRAidM.wav
7,RYEFMIEKQVkDcWrupUVt.wav
7,RYqqbnzTmiXCFrbEXuro.wav
7,rZjOgICAJyzLGyzqDEtK.wav
7,RZKQxZkAOVJQcKwbYkbl.wav
7,rZVmiCbKycYxRxneVKWk.wav
7,SaCejCgNqmASqARAPLpS.wav
7,SajFOXXKtFOijtSSKtQi.wav
7,sAvgvXQaajIKpuPtOGJz.wav
7,SDiQsOIGKQGEmtXuAXkw.wav
7,SEooocSmmYNoyRDYEAwI.wav
7,SfVneEQLQxLgrBRAfVzU.wav
7,SFWCZQpRmHvFoxVUCptY.wav
7,SgCeptdNDlavlugXMhOz.wav
7,sgfXJkPRunNPQInKpyLM.wav
7,ShUJwNOuaVcGXPDYwevk.wav
7,SIkocFGxqUYEFUczWdUo.wav
0,sotxQUNfDdjRokfXUYBB.wav
0,soXOVLMeriqcUaUoRGKq.wav
7,spnIoOHulwMobyGZwJPp.wav
7,sqOboEnHpwXPZSZNzORm.wav
0,SrDYKjNZLpCFivPgixhr.wav
7,sRmvSTQXnNiWcvUELqeF.wav
0,sRZLoiIMXFfxGNPUBCmZ.wav
0,ssXDcdoLbGOFovPBWXEp.wav
0,STFuitoEQJadkiJwdtQl.wav
0,StHCXbfWkLXiEXgOMnyy.wav
7,stNowgrwbOtFdmjlxqMF.wav
0,suTsFkhQiWjPdgEmFYou.wav
7,sUxJGsURCywtYIWapTHa.wav
0,SUZfpIRfqtrTLAhiLJoW.wav
7,sveJNVjnfgmszWgqzdok.wav
7,svgeZuEZhDjLUHJCFPrE.wav
0,sXikqcsejklYSopuHJYi.wav
7,syCQebblkxMGjjVBQPzH.wav
7,SZILaqUoyhCkdYlKDkOS.wav
0,SZtWFvsDQHBqLhrLkxSe.wav
7,szvxoPCxywZDtOAKhoGb.wav
0,SzXTTRruqZBZdiLqFRSV.wav
0,TAHOgCmBuLXNzVJKFLBb.wav
0,TALPpRzYjjyiUkwhKBKP.wav
0,TAXCMLhhNQvaSaNlzahi.wav
7,tbAXFXusdaHgFvcDaQly.wav
0,tbPAzyzVhYAEjGtyQOgo.wav
0,tCtUlzhnIkdbARWOtDTR.wav
0,tcZGrvslqHCZYGXOkBYC.wav
7,tcZHWolguJJREofycfDn.wav
7,TCzrxKmgIRwnzziBUwfe.wav
0,TebboQAdPDWBUGNQSpFz.wav
7,tEBTqCKxhKtjmpKQZiGg.wav
7,TEHUAJmwKihYHxZCQSYA.wav
0,teKkTIIxcIapAAUaUFPP.wav
9,tfuWXJDdkKSApBIpywHl.wav
9,TGmQMutmsPgLNoBcoKct.wav
9,tGuHLbAoanupyxQJfXdC.wav
7,tGWEUjABHGvoVGTPKRsf.wav
9,TgYOGzxfMAzyNVPnHqXT.wav
0,THiIDGKnIWBnpnGXHKzh.wav
0,ThJhaNGmMAutZTPlYYWu.wav
0,thUWDUEoGyxPaqnkiyRy.wav
0,ThWLHaFjsDQzYSknurRT.wav
7,tHZYDNmNpBhuUGkUEMFm.wav
10,TicqhbXZOoWKZmekxuHq.wav
9,TIgOoFuuWSxEUbdqlGiI.wav
9,tikokeeXsySGVnbWVxZZ.wav
0,TIxXMQifZNKbOrEjwvRS.wav
9,tjBcsEqVprLSrhHYDBPc.wav
0,TKbnievPqUkmOQoFwgFh.wav
0,tkCHaMSvNTRdKqgXDrJE.wav
9,tKFJwpmIlpUwpJnLtaMb.wav
7,tkjGxxqeKYBkWaWjPBje.wav
0,tknwaqHNIGLehcgVLRuF.wav
0,TkOzbspiKtnTIirlShzQ.wav
0,TLEEbNAxKeNoUsmAehkB.wav
0,tLEmMXBYmCaDTamFUxPw.wav
9,TlezlFaCDvjFqIaJVkEb.wav
1,tluDfZGjRFVpEXprVAIk.wav
7,tLVbfkjLOuGcITCDsdyF.wav
1,tLyhHYouLNWwLRnsOgEg.wav
7,TMDHjMKgLJooLNQwJBot.wav
9,TmeTRhSGyNLouhkYslMP.wav
1,TmTLAgCjjrnolnDhfzqL.wav
5,tmYEkkLnUzUryslwBoNb.wav
7,tmZrEtCuvuOGaJpIOitL.wav
0,TNIunydeuKRWhopjSVSz.wav
5,tnjFbbqdKYusvyPYvcYo.wav
1,tnJPcMBQalDRprVSVWor.wav
0,tOPGSfyFWJSpNOdblSKq.wav
7,TOqoizmkqedwzqnsGTfc.wav
9,toVFjrrNrgbaLvRtCqTN.wav
5,tPDCGrXgbXpGRGXgWSak.wav
1,tpdHYjoAIMQuBVvJFFZV.wav
5,tPdMwENYeGMujyZQRWwH.wav
9,tPjXFJxEKEDzBSPXikEx.wav
9,tPopfcEFqLKYoWOCDJjR.wav
1,tPPyiEtUHBBfolFHlpgG.wav
5,tPqbhlOgLXzLPrhhzwIi.wav
9,TpvxNyanbyBsUbgIKanO.wav
5,tpxCLIuAzCLlbQtozPCZ.wav
2,TqGCWpJqnjBmriCDimSO.wav
1,TqIcNndDkvFFwmOGEBeG.wav
1,TQIHAKUzBzsMIxXClVIS.wav
1,TqIuxtAVOFvhIqqOkysX.wav
0,tqJbgvoWfCdcxxKVzktY.wav
1,TQjFmOwzxiKTsbYQAhuy.wav
0,tQjsZiYMQCGpcUmRMPNx.wav
9,tQLezAdJQrLNIHWfxPte.wav
2,tqxBJaOznUgOBgjFxxji.wav
9,tradGcQWKyzVCqKpeFkK.wav
10,tralYEXpupWZkFGGpRrJ.wav
2,TRFGLXIOdGtASbDWsXmh.wav
7,TRGXkSPYwSXgHehhaXqC.wav
7,TRhkaWUsKiuxCDLjfIyS.wav
0,TriVywqacMyxMsuseJuv.wav
0,TRQBkOTPBlEBnLeGcYHa.wav
1,TRrdciSkwFfpZOXtgaQK.wav
9,tRUIPrgmPNeinhuOTnzQ.wav
8,tSaFBdpInTIGQuppHNbP.wav
8,TSbxacwrMZQUkCMibEAG.wav
0,TscuTKdRcAZjGbIkonsz.wav
2,tskbahaNutjKMioAnKtT.wav
7,tsrlQbyKDmhKMUDWGYrC.wav
1,TSVqmcQlfpZmbosJKVHl.wav
7,TsXHtgAousyqVNSEUmGc.wav
0,tsXzDUtHTTNLcgmfOVaE.wav
2,TtfojbTsUIEPkzHYtOps.wav
9,TtGQXDjvdmkciJqblxyO.wav
2,tTLBcFCGnjIkKPMSDpVS.wav
2,tTMCnTbRaMlhRZyztZPV.wav
2,ttMjlnGWCpnWUoLHsiLZ.wav
2,TTqSWkhpQnoKPVSpKUwl.wav
8,ttUFDVSFkLHzXYdgYzvs.wav
7,TTuIHJEXcoGwGpeUlrxO.wav
0,TTZWALgpiFIjGyDNZViT.wav
0,TuKiMceFHbRsEzegbMKO.wav
5,TunhboncXgckAVwKkdQV.wav
7,TuuUtTHwJklIjoJCiATU.wav
9,TvCbhbxUSZhVHVjfxtHQ.wav
1,TVeFQcBGfSenFwrGifpn.wav
0,TVhcEntqTiPKFDynDgrT.wav
2,TvhihhyYjRnUKsLWydAo.wav
8,tVkELdvfvcJHZRjcSwSg.wav
8,tvLnvjVcHEiMadFNvrYx.wav
8,tVmGkOzMMIZxYYvbXdNJ.wav
1,tvoAQQhLWSZeglPRTpZS.wav
1,TvRgWfoPZwfVuEyDkKLY.wav
1,TvXsPziIRgRKCINHTrKr.wav
8,tvxULGzEyWcZVzRhwzme.wav
0,tvXzJUWlHjoNrIwKcnUo.wav
9,TWCMyFecSWbMhMdMQlQt.wav
1,TWDjUUzliYcHtLkHveCA.wav
5,TwIOwkqmAfHbMXYNyyGA.wav
7,TwLFZENQooGBsaktExVQ.wav
2,tWViRizSodpcVAdNCQAV.wav
5,twwtRXNJPUWmOdFIUJxx.wav
7,TwYsDlUdZpQCOSztXSBV.wav
5,TXdWzUfmwtIvsgnueSKg.wav
5,TxEAjIycRucIGUlqBzfl.wav
9,TXGNvsJlXrtgcspOrqAs.wav
9,tXkwEqKRMxkhGkoQOCqR.wav
2,txLiIGrAZcljqwuWtrWM.wav
8,TxOiXbnkyNdaIDDGqBKd.wav
0,TxPIKzRqOXLTMQpDyKxW.wav
5,tXPOIISCEmKIXCrJQlzC.wav
1,TxqzrDMuiWIqByiiHnMQ.wav
0,TXSWATkIsrEoDqSufxuz.wav
8,tXWLzApavbxMDVJILOHW.wav
0,tyBYRSVIihCwOasZFiTy.wav
0,tYeOrFvKbVEuiKmHWPkv.wav
2,TYGlcOcKbJaYVdQmWwFT.wav
8,TyixgypJnKhAVNaADkET.wav
8,tYjmGUmzWDJxmxbZUMtf.wav
0,TymKQEdvLebFnFFTuxwU.wav
1,TyMoXWWVsEOohULmqagy.wav
9,TYnzZqglKTLosUOrpRem.wav
8,TYoIzdighElWYFITTKMN.wav
1,TYozSxaBWWaeHwqweAvO.wav
9,typBvESdUXzMBblWuPeT.wav
1,TyphkkSHIoySzILxFRFT.wav
1,tYVcmEhCzhrogDiajFAq.wav
1,TyyQYirOwLowJnvofRIn.wav
8,TzAjaxcaeJpyAjcLqmmx.wav
2,TzAyQZLTWkBwupAMirkQ.wav
5,TZBJKJsIvhKUOKxFvngd.wav
7,TZeaMWbzsVlxAHAbJfsS.wav
7,TZEueAtodTybsvuLqzvz.wav
0,tZhiDbZhHdZzOXTJzWuf.wav
2,tZnrZQnXjnLvdVhFrhTB.wav
0,tZSuVhyMGIkqCaegQOSk.wav
5,TzzjoeyhTZfoYonapyeS.wav
2,UaCprBaSLNGmdKrmdUSl.wav
2,uaDFNQrykTZzBxPhfGXH.wav
9,uAEKYVmwkiHOnwOKOmHJ.wav
2,UaFxrxxozwKLFiywKkkx.wav
0,UaTmJHsZTvYLcZYwWrca.wav
7,UbbJbKzHLJbnMHZATMAC.wav
8,UbeTHdsDfRksEZqmarPP.wav
1,UbFSgqFHRHCJAfKabyXO.wav
9,UBkUtzsDvLiUZkCtjkxT.wav
0,ubKxIxDnLnveJBnIuBnf.wav
1,UbvBHdczqHkdARXIkpkr.wav
2,UbxQehBVmGKXuNKKOOdm.wav
8,ucawjUybSeIrClGeQkBL.wav
9,UcBGBpynxVTjjhEKEjwW.wav
8,ucBsoHUNXITDOvAJpxVu.wav
8,ucbWoIuMNbIXoTOKRLpk.wav
5,UCcMSSECBRvPyfotKTVm.wav
2,UCdgBLFXbIGdZEanyXex.wav
10,uCIipXRFLiRMKIKLAwSl.wav
9,UcogTHBSkYUHDwEdPzmI.wav
0,UcPWJRRgEaHSrMfDwZtS.wav
8,UcUzmzdsVlqQRbKqMapz.wav
5,uCvcdMUKZYWAcOkDlTcD.wav
1,UCylWLeRzIOcEPLuoAMo.wav
7,ucyOYJnrMKMsTLwgWYYK.wav
9,UczrKHjpmlIlUEfdGSyK.wav
5,uDEtQsDFJmZpFxtqyYbD.wav
0,uDIwKzDPdDVaJSTPYVJL.wav
5,UdNBVfTlPNfLdWbIGVJu.wav
2,uDsnEVzhQWSxFQigsCyS.wav
8,uECgXQSyfPJKWTrNVNix.wav
5,ueCIlNpRtEyVxBNtDiEO.wav
1,UefQCJGZZHiXhzqDXeXq.wav
8,uEkjbrXrSgUnBydampnM.wav
2,UElhyjuLawdjBsPlOchJ.wav
8,uelWBRphBctyWfJxqDjQ.wav
9,UEMJEyrpIEdcLNkQXkXu.wav
2,UESbrpZLspQlGOuiOgAf.wav
9,UEvsPcAxaPmHTQCwZnfG.wav
1,UexSpzZXpthFfRsGfJRg.wav
9,uFfMNvCBQNksxwKbYuUT.wav
2,UFIvLnEskkwYnPaXJBIs.wav
0,ufQzSYiQbMDgmYfiGclp.wav
2,uFRqYjIDoCTQeZIubCqf.wav
0,uFUKwzHIYZQURLXLDluy.wav
9,uFWvxfJHnPVFqMyfjenn.wav
8,ugEcparhhsnKKUGrLsIJ.wav
7,uGfnJurInJIJgeDigYaf.wav
0,ugGaDyiwBhnarfNMSHWL.wav
5,UGgCMVRJSOgiAqvBiLFI.wav
5,uGKkXaMvmNbAzaNWywlF.wav
1,uGkTSvwlPsqugFhtCWDV.wav
1,UGkUKvQBDtaJkwOlJQJV.wav
1,ugpMNAJRxaIDRfKxWbAu.wav
7,ugqTMyMjiwRWnRwQYivO.wav
1,ugySRlbTklPQLtyfmoOj.wav
5,UhAamdnsvXJsrFRKvTbz.wav
8,uhahLBKmIMBNxtKSXYPs.wav
5,UhaJZPDlDoBsOvapnTLQ.wav
2,UHdlficHfwokazqDSEvE.wav
1,uHFbuCTwqRKIsQSZEzjR.wav
7,uHhLtAkoJqLXKDVeZxZM.wav
5,uHqxGXikSpDoKWQnKrFa.wav
8,uHuaFZrmSRAOauhgzkBG.wav
8,uHuxVZgMdedkXPGrENyB.wav
1,UHxzvxOlOKGmCboVBHPf.wav
7,UHYqLZzUpwvUwnaMhutO.wav
10,uHZLdXJuIMWlWwsIvBHG.wav
2,UidFyyRgRwApeGSvbwBH.wav
8,UIDxLsEHIInXiHEipYeM.wav
5,uIenMwQqzyZcBGmfqBkJ.wav
1,uijXLajszCDwxmsWHkVl.wav
2,UiklpzuBDrTHTnnLzhIQ.wav
5,UILMoMBxmfdWheiBsKyy.wav
1,UISttOSEJtKQSlrEYHBy.wav
10,uIZEUQGqXdiMhcFXlckA.wav
1,uJDJtOQXwsyjgJUYTqcl.wav
9,UJdRGVEfyNvnDxWISJWi.wav
7,uJEuRGgXPpZAXPRLRBFo.wav
7,UJgBcMyvHPiJZIDvzdYw.wav
1,uJgEOiBpedcllcYDUBPL.wav
5,UJKhLZhiLCdrrADmANRV.wav
1,uJMWZHYkYbSKOlUCSjxI.wav
2,ujnMUvdfpdnwXwXKRGzt.wav
2,UjqEUIhqZCDUDUkHhtNc.wav
1,UJrYfyipMPHBBGGCoMtR.wav
0,UKbvzusLYiCrnDAOvffA.wav
9,UkcaRUmyxPCFUWFBslnf.wav
5,UKhpARaORnarRvzXFJCv.wav
8,uKJBBcuoYcuSRENQthbn.wav
9,uKJyqLLBTeqrSwprDtob.wav
9,UklvdZhEQlVKOjQqwCbY.wav
8,UkNgvgICntmMkDwRbeAP.wav
0,UKPcFRHHsLpOVeuJjlbJ.wav
0,uKPsKeDaJpOYBsvcUeQR.wav
9,ukqcnXgaudUoQwrOjqpx.wav
9,ukqjYVvuQHjqaPxEJHho.wav
9,ukUTjMHtIrUxvvEzPBJU.wav
8,UKzovOpJhuVunAONFKeJ.wav
9,UlckXcYeMkoVVBaaYaGn.wav
2,UlKnGBKCUwdqvZXZQjsx.wav
9,UlqeHHkiSGYygPFTihmv.wav
2,uLvaTXjLbpvdZjDPqsbC.wav
8,ulxROfGlgtZOwUkqBXtn.wav
8,uMbnQAvzbLejFWeBgFij.wav
2,umePJjbyhpkjFKYzqaVU.wav
2,UmGbwuSnybyNXHOXyZkl.wav
2,umLFYoIRxvWgcXDNsidR.wav
2,UmuqISSxNsgyOoRFXbJw.wav
1,UmxOngoVtUlZvxwvnpIT.wav
5,unClNRRfJOPqFCgUTEuN.wav
9,undlkDcPaVlLhYZurpcn.wav
9,uNGTTKkHxMVRHfGUrefl.wav
1,uNJyJabFMFFaPzHwlzXU.wav
5,unKuHpbsOzffFCbaiggQ.wav
0,uNNuaBkklxhjYoVQvIkL.wav
5,UnOBszYRZTDzruQKwSom.wav
8,UnQaKulHsCJuigPjIfsC.wav
8,uNRUVBzANGHrKdvRHmJx.wav
2,UnSJKwqIoLYyBVXtQGuJ.wav
8,uNuZnKnVjDGDOQRofYxp.wav
1,UnWVviuNLDPTYGlwznuV.wav
7,uOedREybWJqPRkbXjvFt.wav
8,UoEVieeReCLjaajwwYEE.wav
8,uoINcOMTgwPoqfwSQswZ.wav
2,uoLVCPeQdKlaiskgNZLF.wav
1,UOPviyXAuEkZGgxYNLgL.wav
5,uOsKGzKJOAIAdUDZldCZ.wav
5,uPCBQiogjRsYvsHNYgpv.wav
8,upcMttxiXAxcDCjNiafh.wav
7,UpgzBqGxCUwoKIKbNIJv.wav
5,upklODSbXUTGoptJOwDA.wav
1,upLDdVtKYVTbotSjeuKX.wav
9,UPNsLrefYGozMYKSGkAH.wav
5,uprsLulliPmSGUCOPgqS.wav
0,uPslCiqNRzyhuVKhjVcT.wav
9,upUbmmfFECoNGwRebDZc.wav
0,uPuJcXqDqysrnYHhxLpE.wav
1,upyfxlRFPYjvyFDFUChE.wav
8,uQlzzrMTypcrFeGDbblZ.wav
2,uqqigNozrePaZbCkeKrZ.wav
9,UQRVnrDdUlZsAHwGBtYA.wav
5,uQuKCAUJoauELmEKUiDT.wav
10,UQUNkEKMzOtFpoSuuodO.wav
2,UqXkIkWPJhbWlnxofWVY.wav
8,URHnrjvHoizVxmRKGlMv.wav
8,uRhXWQtlOtahNNsQrFXi.wav
7,uRKqsjAdhJvZVdGPlaqz.wav
5,URQdYXpZRDRVsDuMFehD.wav
0,urTZEfgScVhQWPfSdccj.wav
5,URVlbyhqtlyBvsdCnJRd.wav
5,urXxraIONhBdwFZukAvf.wav
8,uSAZDuXtRpFZmKKbiChb.wav
8,UsFkdENvLWLCDyeTZWov.wav
10,uSFQnzHUDVECkWHJXARa.wav
8,UsgJBFobFhfvjxglQgas.wav
2,uSKMvFJgDBTOBWvzKAGh.wav
7,uSONUiSsQMVRVVvuAkFd.wav
1,usPmZzBBYdgTXLwURNgG.wav
8,usQGRTKiBiHJUnlhtyRK.wav
5,usQQQluXQtdrZQbiQCnz.wav
8,usRaGfUphjcAfXXdmaik.wav
1,usuZhMZJCZtZPxNzgXPR.wav
0,USVCdCKcemdfWHgJdggV.wav
0,USyJHnCSGhhWQvCbrTlg.wav
1,uTaDVCHdoOhRpswTFcFu.wav
5,UTAWrZtUyMlNuDhqJnhF.wav
9,UTeHsZaHCZiorsgoDQaV.wav
1,uTkeBjsKUMCDMBfLLuTN.wav
0,uTPbRAZaKOSKishyZMjK.wav
8,UTqtFfkAoIQzqZrOgKRA.wav
2,UtRBUPujFuNEjUFodIeN.wav
0,UTshjekTDcmeQJWSVmlX.wav
8,utZFqFjXapnufTUlgaCV.wav
1,uubLASwEVPrkgNsLhoxl.wav
9,uudeWRKcbexcitqOvTxZ.wav
2,UuEpogzsQNVFaBJDhLmq.wav
0,UuGsOFzPJZhrIwFXzKID.wav
1,uulOnNHfRxewmuCpRmIh.wav
10,uULpprQAlIhGhLczcXUG.wav
2,UumBpTlMEqNzPbBDPHpv.wav
1,UuSGCTizgeVULgGOOiPX.wav
9,uutNUjktFHYgvwARtmTF.wav
8,UuWssMKAppMTVmYznrGa.wav
7,uvEgHODDpcawtjQVFagA.wav
8,uvEjvkRKuEQiNmZxJIMI.wav
9,UvkVBKxWzKYndAYXdLKe.wav
1,uVLRGpIdlycmeZyDqFmg.wav
5,uvpkhrnGSwfshGJvAtmL.wav
1,uvpnprbBKWshqYbZloia.wav
7,uVtHVfvijqzNBUnnUDSN.wav
9,uvZeCyspwOddKRFOKLEs.wav
5,UvzGPbaPbJYDlwQUljRu.wav
1,UwbZnTbGnXipKcdvpUwM.wav
1,uwEUiNqyiNjaxpGfDosl.wav
7,UWfIOLIxInousJuScwOA.wav
9,uWfmYsGVtsfESHcPMdgB.wav
2,uwgnNLvzLQEhoAuGWEoc.wav
9,UwhWYzZutyTclCikKcvu.wav
10,UWhyJVasPGPDSxfPwKur.wav
0,uWktATWvIvgJoKzRjrGK.wav
2,uWolFlTnJNfbqxEvqzMr.wav
1,uwrReyVmTcPxCYMFOXDa.wav
8,uWsgEAgWarQKCtPRJdAw.wav
9,uWVHGgMFEqIZbKDjhQSn.wav
9,uXAIQFzNucmNMUdvhrIe.wav
0,uxIkNjtOtmAWBLnCyXjm.wav
9,uxlhPoBtLhYxTLgBEJNw.wav
5,uXSApHpFIfJNdnYgpZci.wav
5,uxscqDwhBSYMqgbjKhrQ.wav
1,uYbsAbyhHwUtikCCDYhQ.wav
9,UYeuQBzgmdKyPZYOaahc.wav
8,UYgOZmjEnssQPNkZxuFo.wav
8,uYkyxiWhJYRWCEUjJtoq.wav
2,uyLKEVfAkLJXrIakPZey.wav
1,uYlSfwNfelDQIPlzHDEk.wav
1,UyPcFLMCgDMkFinTDsKH.wav
8,UYQljEGvPZJxxluRbhgB.wav
5,UYVwFluCvLkYznuqWyXP.wav
5,uZAdlvATLxJKxuIxcwUX.wav
8,uzgNNmxaujaOpvBnBosT.wav
5,uzHDswYiEmyTAnUuHqmQ.wav
2,UzhnNOPiSvxMizcHWlXc.wav
7,UZhURapUDCiAvlSlfOEg.wav
1,UZHxtBnSZDmOKWQPjdPK.wav
2,uzmMGsMTFsuUaHgRJKzP.wav
1,UZnMCcmFvwvXOTZzEvqK.wav
5,UzOZCajwkZMPsIUTRInj.wav
5,UzqdfAHVILYhXdKPotIM.wav
5,UzSfUdmWwgFzOGvFhvRD.wav
1,uZTGlyRggoDIcIkysxFu.wav
8,UzZWTVzwdYPlLggxOyMq.wav
8,vAaNIzcHaPjvfRwfoAKD.wav
9,VAaxBbxDvEnzXsNSVeHK.wav
8,vAHIXHSVnvOtKGXIGKDo.wav
7,VArpLMEaIgKRmbYZSyjL.wav
1,VArtXIzqxCtzYWikUWtK.wav
0,vatcnDZFLqmvMQdhEIzs.wav
5,VAteuWTCRusmDBjcvjNl.wav
8,VAUaOaMsCcEzhRmHwtyS.wav
2,VBAjAeqilyYqrcAbrfzX.wav
5,VBBopzpTTeUQcJZhIynp.wav
8,vBDvfPZlvhzBZylASJoM.wav
9,vbhdEmaVUtbZtvZvDEZM.wav
9,VbnHyfRQXCuGpLzKSKpq.wav
7,VBuQDtAqObChNVbHhLXJ.wav
8,VBXlFaoGAYgESsaJrdKE.wav
5,VCcSDJCtMMUZmhXmgMxH.wav
7,vCJAfkZsHpBNZoMOLbvX.wav
8,VcpPfzOMRvwnlEsNnNtb.wav
1,vcRwQrpCoTbnrvZdyAbO.wav
2,vCuBcMewbdtwKpgEwOCo.wav
2,VcVVYNBDfnlBwmzxlACs.wav
2,VCvZoolmhrGWBAMigaQa.wav
0,vCXpBKinKTJESrUhMzIO.wav
1,vdbcIaSJLBbUGkgtSXpd.wav
7,vdcAYCcSJydyByOorGQT.wav
9,vdCMxeZMNTALagSyLGxM.wav
0,VdcSSjovkbhjcCwjKanU.wav
9,vdEraremRMvjASjmIFHH.wav
1,VDiPrfgcCFjENOkjiSCD.wav
8,vDixKtvUwUVaWBCVkDGu.wav
9,VdMhKIOdZDGMTrlHiDyL.wav
1,VDmIoZWCeuQUzRebibRo.wav
7,vdNSBVHVFAjRjdprFPkW.wav
5,vDOrebcRdLoLpvIIZvsc.wav
8,vDpvEHkVLNjHddjHwFyO.wav
9,vDqAttTwVWiVnzMQEIfV.wav
2,vDRbYsfoZTWpcNZtLRDp.wav
8,vDuasojXNadBuqjGxnhh.wav
7,vDwPFpKuCgNilIeYMSvy.wav
5,VeaemGzxYaQkyWPTIMjI.wav
2,VENKnZmUYzbEpyJZfjSK.wav
7,vEvmyaCaRgRXKtbSNcrb.wav
9,VEWaojEbRwYPggxlGNAz.wav
7,vfBvpwLutfayhlyoXMLS.wav
1,vfCCIxqJUcQJzihWsffA.wav
1,vfDoYllIhnLqaOfGCWgA.wav
5,VFeGLgIEevNMaSxjDGmY.wav
9,vFgmVvNdJhcDWvdxlnGU.wav
8,VfkVvZysHqoRpWjfWqFr.wav
7,VfLOWOvnMKPeSWQjmZem.wav
8,vFmdapsilXVPgzVnkBAm.wav
1,VFMHiPYqThqIanlQfMRH.wav
8,vfZHNArLPzlgfRAhEYaL.wav
7,vgCUFwggjjLgoRyMfGEg.wav
9,vGwHmyDAOqCbDMusuBqD.wav
5,VGWLIaQaqmnJoUqWkQBi.wav
0,vgXGXCgbrpQdlywQwAIB.wav
5,vhdjnEywHrFFWmsIrnII.wav
5,VHdwPHTmxuFnGtADxqJB.wav
5,vHJmrHHzlxcUBFoEfmmm.wav
2,VHmYCdUpWQymToKyJfnt.wav
1,VHPhZTVWINTOsjJqDSuy.wav
8,vhSyawfIagBdgHQvUBoU.wav
5,vHvoDSKMZxaUFfqWGQBV.wav
10,vHyWidWMeaLBBfjPCmXz.wav
9,ViAuBxKpoMSFtLgLcVuy.wav
10,VigUZJWJrgHWhghxXJup.wav
7,vilLIySHwjZJApZHKsXg.wav
7,VIOWMLcTFAKDBgCmjPmh.wav
10,VIpmtIxIrGXnFVFyGqLV.wav
8,viRARFLKelZmOQkCVuaJ.wav
0,virSTqlDTReTrABJvjLR.wav
2,vITCxgvQFcyHFrSorUrR.wav
10,vIvDIUZtiGKxqHhZHUwk.wav
9,VIynprTKryziywdWSXqT.wav
2,VJmDDARyheYgekLjbfMY.wav
8,vjSCZDCpPmrIAHlpcFUN.wav
10,vjSIohSCNUSfSEIMEyOR.wav
1,VjspfFjduVWFaMKJpRov.wav
10,vJSXXcDkjeBbCYLbzotm.wav
8,VjTeEBKZszKNaCsjQDqh.wav
8,VjWvtladwSoviAVCCiuk.wav
5,vjXviaBNQlGZmmlcZWJT.wav
8,vKBFABZQLmzlBoCJLzlc.wav
10,VKFLmybjRQaHshBqHBiB.wav
8,vKgSHrlHiAsaaKHfdiuD.wav
5,vkOalcrFCAkEOypihGez.wav
7,vkQPoMHwyBAFmzghbqsK.wav
2,vlaZRPXQgmvjbmMRvBON.wav
5,VldyQoxhMIAufcNzoYWw.wav
0,vLEyRfSGCWOLfaFCZOgU.wav
2,vLndejRusnuPlorLysWW.wav
8,VlojcaGoqQWKqIJwKjed.wav
2,vloQaBSMEesCXExvXIsI.wav
1,VlSZpqwLZMzgEaqSDEIZ.wav
0,VLVcbsgIuaGbuctrDdog.wav
1,vLYAmEqStaNETQSJAcTC.wav
9,VmFCSNUFqbMjleKsTnnv.wav
9,vMfgXNgTCGVuUSrZlsip.wav
10,vMFoqDjuZGXxOwJnUjhz.wav
10,vMkFEUMbeSofxpVXkucU.wav
9,VmMHCaFCuycjiSQHjrdV.wav
10,VMpUlbDebqsFuSFagbrK.wav
1,VMRAYDLbevzCOnoXYvVH.wav
3,vmToGxokLHJJWMSdjhSY.wav
1,vMvnHRCqPhTUiPSMkeuO.wav
3,vmwCgHwIiVEzyzTxbhYn.wav
0,VmwEDJuiEwpGuTFhIutw.wav
8,vnBXkXkyXJCNBYODYyPs.wav
5,vnCCvVtRMquxzMEybfMy.wav
5,VNisXJiKGTcDxfDbkFXN.wav
2,vnKtUPOUkOSRZrojfsVz.wav
3,VnltMEgHsiFzjUInnocp.wav
3,VNMobCtbMQcDxDNuUSyX.wav
3,VNMYxWiHvABuVTOHkFAZ.wav
3,VnpFcOgavNBYJUxxAdtU.wav
8,vnqjWraNXJyPXkFaawUa.wav
9,VntiHtGaRrcgHMWKGfMl.wav
5,vntUjABGtyEgHPrdIwvT.wav
2,VnxldgQMsAuwcPHCapTh.wav
0,VNynzwqGgGzDvFSHpidK.wav
2,vnZOQmWlkdgPsCflWPnT.wav
3,voahPpkedNDytUzyKlxm.wav
2,vOcqDrOMeUJUyTzRxHpg.wav
2,vOeTtYcgLnXtadrRWGcD.wav
3,VoFzPbtuDYHJgojJTMyt.wav
3,vogCqureyencaymUcOMN.wav
3,vogluygbhPmrmEnsHJAH.wav
9,VOgsYypCvrlqZFIdcsOJ.wav
0,VoLuVxOBMnsdoqMJmvCO.wav
2,VomouqEeBOUkmphNJKUZ.wav
5,VONFVbOqzqgiRqXefoAO.wav
8,vOsXdQmZCHSKlCMyffiL.wav
8,VOSYiNCRVLuSVgiSGFDb.wav
2,vOtyGIQUSHcqunMrEvCh.wav
2,VOUrGDkXwQjkawuuUlHr.wav
9,voUXVaTHWJAmQLhZeNCP.wav
2,vOVQUwYUaataHuBsqybT.wav
9,vpBvxosDGbyqngtjhzBC.wav
0,vpbyUfeFBBVvNgTEBXms.wav
9,vpfzPMgwsbvosazzHgVO.wav
3,VPgiKXVPHLntFuBDHuEP.wav
8,vPIwBypHXuOmYbRgwbtc.wav
3,VPKIesjxoVPuCrbVAMeH.wav
7,vpPEtPCeKGdjOghWDQIN.wav
10,vPrBTTCsvogADpVentAh.wav
3,VPrmvQySOVXuODOeDIRY.wav
8,VPSsbAJLhSWZyXOdFOmx.wav
9,VpXFvmooczmALLFUTyfV.wav
5,vPxkLIocQzbUtUbdhGKG.wav
3,VPzTmejGghUEaEMfKJrF.wav
1,VqCEFNBkXEnAlVIXkdnR.wav
2,VQEDsyhAGsaZgCOURykC.wav
7,vQkdvRBxDOOwfStianQC.wav
2,vQODVcIBXaPlgIEFXUUK.wav
5,vqOkRoBTetiNHpUXKhAa.wav
2,vQoXbXHPmzMZfkelvynx.wav
1,vQPKboCWNxjuAxRpjdls.wav
5,VqpudioWMPOHoXnYMpzu.wav
9,vQUpZBJZPDYtXnvkQPYW.wav
3,vqYXxsLODxvZhQBhfEkH.wav
2,VRcEtwypQlpZPfzREYZS.wav
1,VRCuVpoXLreISSAyKXzg.wav
10,vrhFOwntZJYlywtSGPHL.wav
9,vrotCZYZUsWLOClWkoUL.wav
5,vrSytoXQHEYKkarhUxTQ.wav
3,VrTjGmTeyoIDhNmiKeFy.wav
2,vrTyoBrIAAzzTqdxMkoc.wav
0,VruVBSbOJcsAIoEishsk.wav
3,vrWadAFLmpyDkxdyRlfM.wav
10,VrYozRnSSiTHovlfRJqM.wav
2,vryYNEAKwOjvGWdGKNSN.wav
1,VsBIzADIeHPAMPioOQvi.wav
3,vSBwmvilRQhGgkRwoRdt.wav
5,VscFuTSZGRjFqLNtjyvO.wav
0,vsCUIJJCkOYzeLufktkC.wav
10,VsDxQjbyYmviKEakEHyw.wav
3,VSfySMHgKNjhTwHCBaMH.wav
2,vshroWGCXHEwGKQlOBAW.wav
8,vSjINpXCUcLfBAzPNYNr.wav
10,vSKXToBKDxhsZisHCyTl.wav
1,VSmpbDzDuJVZABPtPekc.wav
0,vsquEZvldtxVGayhUjdM.wav
7,VsQXLhXpVPKsfPQQJtad.wav
9,VsxQdoSKJfIdAFDIgVOP.wav
2,VtENibxdoQKETOgSnoTP.wav
7,vTiJEVrPbUzHgcNUClgY.wav
3,vTIPjQxDlgONhwPVSxJW.wav
9,VTlCqQRwPmvoLFNRUqHV.wav
10,vtMpyCEYRiHjGyolxEpa.wav
5,VToJxjadNJjmfmhjKvir.wav
8,VTqAltoYCcCCEvHarPMe.wav
3,VTQyiDkOkOuJPObYCwjH.wav
7,VtsESPTLvHwMQwYwbUrL.wav
9,vTyjySwrkGQhOAVJTIis.wav
3,vUAhBIRcMimTwyFddRLK.wav
2,vubKjRsqBedUPtfKeEtU.wav
9,VUejuHWnlltvWjpCcLdQ.wav
1,VUFuUEgerxcuIbysVEOd.wav
5,VUiHTRklHKvxjnzWcWAh.wav
2,VUiPhLuxrBbRRJQUTaVm.wav
9,VUkEaWhonMGdflFlFKsh.wav
0,VUMBVDaTSrgrGrdEFzDa.wav
9,vUnMpiFeNEjKQfTSpHIu.wav
2,vUPGNCzKRdXPSzmOEmcl.wav
3,VURQXoqFzLHYFiqpTnmN.wav
10,vuvDUIUfjtXkIAWDSIdk.wav
1,VUxraXGUVNBoqHqfRpPY.wav
0,vUxwIFFaZifsXZGVyJHX.wav
7,VvfTgHDJHkxQnWcmNEod.wav
9,vVhdDnWaBcrKjrhaJMMb.wav
5,VvhJjKOempUmaGCtlHBV.wav
1,VviCiYtGSunauuWqJovl.wav
0,VVjTnfUNlFTxBlWqVYPR.wav
9,vVlaIFyNILMMXqaGymUT.wav
8,VvsuoGorrRTReYMVqlxj.wav
3,vVTNpjJPJhYLFoKwdOie.wav
3,vVVFJthXNSWGDCzmnGgd.wav
0,vWfTrxZxOhYrLOXTzvYz.wav
3,VWfuvQOpfRicUYSiIZkO.wav
10,VWFZCDPgJKwxaVtjuSAA.wav
1,vwgYAeYPlVYsoEwlmoGV.wav
2,VWIESeCDjJpDOlqJVJyj.wav
1,vWoNDBoHDWyqnhKjyXZF.wav
9,vWoSzWtdxaTlzMZcGAXy.wav
1,vwqzpqgYtjZiBeCGjqiD.wav
5,vWrcyKgwQQhIgYQlxcQE.wav
3,VwscFSrHtdMxVhmZveAP.wav
2,vwSWOMRHyYJTrOpfwTaI.wav
10,VwufciTvHjegObAztrwp.wav
10,vwWBYNCQjrNVBnMaZBYQ.wav
7,vwzGBINWKSEtNGeFdhbZ.wav
7,VWZnYafpKFftsmeEMkrl.wav
0,vXaNJkntKLTtzIyiEsce.wav
8,VxDobUeTijRtjRzkrSwF.wav
10,vxEWizRSVTVNIqXKqVMv.wav
0,vxFBfiUIYnXSVBMosQFO.wav
0,VXfoGVgZEglWDpKzKfPL.wav
2,vXmfiwTFMBjQYagxVLDG.wav
7,VXMHtnFSOMZXuoKYdduw.wav
2,VxOagUyyzhGOpHLRNEtA.wav
2,vXpGAOJVNHOcptBquUyY.wav
10,VxrIZKDqgxRANKLrVmaE.wav
9,vxshpIVoAUUANDgZxcCy.wav
9,VXSQlvodcpLCSnkMKwhm.wav
9,VXTJZuhwtRFIWGALOEwv.wav
3,vxttATXjXDsfgykAOXYI.wav
1,vXTYtbSzbdPPygHJguAS.wav
7,vXxvtwAFXVEVSIikzxYJ.wav
3,vxydtKYXvDvwHPoUJsuy.wav
7,VyDeoNpwfFiCoFVBZfUB.wav
2,vydLBwSHgpAgydPJRAGz.wav
2,vYgBPOaEitjVKTZMBNIo.wav
9,VYGOVuIeasHKdvAJeXoO.wav
9,VyhEvxZuUvqaOnZsGORp.wav
8,vyJfyvKjfFUCaxCDdsgO.wav
8,VYMgiFHYsjjzkjHjTkrb.wav
8,VynmQvQzelIvvfovAqLn.wav
8,vYODBJFZWgVffcfqbRiY.wav
0,VyQspArqpItzlrJMqKLN.wav
9,VYQsRFwdMnNimzXkqBTt.wav
7,VYrHpoLvjHIULeiIfYOp.wav
10,VYwcmJubAhtnvgjnhJmm.wav
9,VyxyTzZTRwIWYfDtuQCI.wav
1,vyZbAGluGyAQWwKPgZlk.wav
5,vzfMHdCnopqZCUqiHVjr.wav
8,VzhjbggUDAruCjrkJwrz.wav
5,VzIgJWtahlLxrtPCMpyS.wav
10,vzIkOWzKqXKqCOsHABvx.wav
10,VzKWaWpBhGzyicLLfBcT.wav
10,VzlqaGXgUIeIyAvXoCCv.wav
8,VZtpchacZHidLoeNmRbm.wav
2,VZUAPKiYoolZQJfpzSbB.wav
3,vZuuaadwEcoRRJSSirDI.wav
9,vZwrqHLVZONJuwbBCVEL.wav
9,VzXWsDCXajzzfKpEOwnI.wav
7,wACHOvInmBAhoTQTlPIT.wav
7,wAcSginpXOVDraUBjKUt.wav
1,waHTzlCqWEzgYwGIcfPb.wav
0,wAKQaLDQNJfZiMmhpyjE.wav
8,WANRPigfCpRygKVcFknw.wav
3,WaQTBzPZtXVzWdLCariU.wav
3,WauhfIfhVfuZTjkgcqAN.wav
10,wAUYXqKzvwFRfTjfWcqC.wav
2,WAvVygeHfnkjDYdlOMQj.wav
2,wAZYWtfNXRCcLaupBqkK.wav
1,WBChuWogNpaGpxljSLtA.wav
10,wBDomumaJZkTKTADvSET.wav
3,WbFuNFDhZurENCBATCSG.wav
2,WBgYiyRjcXUAEqYSiwMo.wav
9,wbHiQpfnNLuHkLZCIFhG.wav
1,WbhlpJJWsKcUdEBQHfgM.wav
3,WBjUaarpjkDvYuYyqwPI.wav
10,WBOPcaQHMJdEokbMSIVf.wav
1,WBPGLpvyiPBGOoufmSAU.wav
2,wbTIVTQalhIhhOjSdlGw.wav
0,WbWmuidhgUwQBQOWkSiA.wav
10,wbyJGJKmiCPaTYMRPqKh.wav
0,wcAdgjxbbkKrAkbQfEAC.wav
10,wCArlrYShjarfLmTedvM.wav
1,wCasKHJUWonGtaoGSXXw.wav
1,WCbrrDPnYIGNlsOmJXaV.wav
2,WcEPDNUOBKwwojchTVHJ.wav
8,wCgCNBqDBiBkJNJrlrDg.wav
7,WCkLTeJefsgKuvCdriHj.wav
9,WckLUNOnPCwJCTPgwoHF.wav
1,wCmLmtFHglLxetnYjNZu.wav
10,wCNDuSVkMOWeWtWQeQZh.wav
8,WcnQDBCcRYwNqmvbhdvH.wav
3,WcNyCOBTWdEdKidCNspx.wav
2,WcQGbdLYcoLXdJmXGlku.wav
8,WCsbQkVQVEukyLpIVyfO.wav
0,wCSLmVKTEsYPwuMzdwiY.wav
0,WCuQOBuNVvnEjTzkdkaR.wav
10,wCXOvdlHXkOoQjCUZhQP.wav
0,wczNPemudzOoiJDYcmQt.wav
2,wdDdJwyaCQoVDvxruIwM.wav
0,wdgBillbfWpZQMQKKTrW.wav
3,wdgjZiqiLLPODbWUBdkP.wav
0,WDgTtOBqpXLIHzyHHmiy.wav
8,WdhGhGxDAGBIuBzhrakK.wav
1,wdHOQhNXLAZiMRnuDfuM.wav
7,WDJkiLpaiizuJbTtzRYi.wav
0,WdQvTQJXLWxGMeiBnMgn.wav
8,wDXzTRVOgVXlFSYZhQUL.wav
2,wEceSJGSaPmuybuJTgAh.wav
8,weCLYnMiJPQbEcPYrzVc.wav
7,WEDitlYElJvbmiwvkAIf.wav
8,WegyofBUDRqCfqdZcUXh.wav
3,WEgzxdGfusWTrSghTktj.wav
5,wehuBbcXxaBptdyhYltT.wav
5,weiOLOEtzjWzoJybcgTu.wav
3,WelocvpUNShJKfukbVBg.wav
10,WEMDEBzfXslDLnzBvBEs.wav
8,wEtvMkkkAOrIKWpqSaXJ.wav
3,WeVxWIltZtFfuCGHKvAy.wav
0,WEXRQeafvfDMOnGXwoaJ.wav
7,WeZdkuQhKySgvVSuuSEL.wav
2,WEzzWKXOHEjZMIRiCnzt.wav
1,wfcdboUtoVzNtolTbQNc.wav
9,WFcLdUBxUJSXIUgbMBDA.wav
9,WFfzYhcqFOSfZzpAkexp.wav
2,WfhQTizLTOkKzrwhVhbN.wav
8,wFIrVlCKkbpAkyryypbQ.wav
1,wFLXJTQffFusUbMPbWkC.wav
8,wfONFLQmGMDCIMXuDkbe.wav
9,wfOtUiFldpdkQLOnAGRV.wav
3,wFrUvTJwOrYCpvCDOMxn.wav
9,WfxsPXbrODTsmdlNGCqL.wav
2,WfZNlCnEDXANOzGiYILr.wav
10,wGbKcmlioaedOONPaAWt.wav
7,WGdJnIaXoQjIyXOPtKkT.wav
3,WgfMdnDVWXgWLjELiYfK.wav
2,wGmhkCmEUmOOlBdcnnTx.wav
5,wgsSxwdKbuyoXXjmdatC.wav
0,wGuGBitTuCQHyyaSfIeC.wav
5,WGUHnQtCwJVAHawcpVZt.wav
9,WgVBndcTCIphIbHEhccw.wav
10,WGwdLQYKDfFDvuSjRJog.wav
3,WGxDcUhnEfjphqJpHvdX.wav
9,WGyocTFhJVJJiQGQOgel.wav
10,wgYvFKZzmAFVYGOYRKyN.wav
9,wHEobbohvAPEMscRDfel.wav
2,WHLdiJFrusevWKOUwqzp.wav
7,whmxPJZejhlfrYwuoPtc.wav
0,WHNbCKdMxjxuYmRepzyq.wav
2,WHSgFeZdnNMKhBKCQCRr.wav
10,whvHZPakvbiXFYryOhAE.wav
10,WhymtTjVzsRRQmnYfwJX.wav
3,wHZhOJcOpMVzBBaLEGMs.wav
3,WIBNPSatEvInPUARhLhB.wav
3,WIegynWAfGcOTnEaMTfp.wav
10,wIogNrPTVKyUPBlnHlJr.wav
0,wivNCnYoUcaDhzujrcom.wav
5,WjDAmitWUAjKGgNuXAmf.wav
8,WJfQEWWVKsVItyWwNwQe.wav
2,WjFrtbYsgIALpPEFfhZs.wav
8,wJgVkqLmtmGOMukCrCCF.wav
9,wjjJHJYdxAqReSIoLTWz.wav
1,WjllUdmOUWmzqWWEIJPx.wav
2,WJPeJJEslEtBdETozfbh.wav
5,WjpwyFXwHzEPJGCbmnJd.wav
9,wjRwvZQaELfWlqzWpGbd.wav
3,wJsFcYncYgeirVPnQSwF.wav
10,wjSudbmUFZGgSoZqbfLs.wav
3,wjxAVOAvLlGiTHKdAZVU.wav
1,wkazoGoMSdTmASqWTPPe.wav
3,WKCbCbCcXdBLuhURcvNy.wav
3,wKDZiMAhvjdcmnzdeHHi.wav
5,wKIARAnCIEUuVGspJLOF.wav
7,WkkLsnGGYLkLEeeHMpHJ.wav
10,WkmDcmkWgykwyKQnKXou.wav
1,WKrNNvkFDhadWsWkxHXd.wav
7,wksFLSSFjWzKSEgKscoA.wav
5,wkWuqVOioCBgzUEdJymN.wav
1,WkxFvncDRCaqjXAxpggs.wav
1,WkXVUbngeKaIXRRmOQvC.wav
1,wLbpWvmbDgndoARwKUoq.wav
5,WLdfqNIIAkZRJgdrQyVV.wav
8,wLhUWZyuGJxHyYMvJFdi.wav
10,wLjvAxfWMcFAhmDhysFi.wav
10,WLObmypVkPfzqtUczuth.wav
0,wlqUAInodJqaFBxTgasB.wav
2,wlUGmDebOChdCwDjkRby.wav
1,WlvuAlDvethwNeUBBSWJ.wav
2,wLZXchnfSbxioLPWPigF.wav
3,WmaSqoCgqQGskGCXsmow.wav
1,wMbvENrnvKxVOvjTIDNb.wav
5,wMcVLwmCagNkQrHDmkeM.wav
9,wmdfxdfcsGECgrfQyJSM.wav
9,WmnpifOyPgzByxLQqVPR.wav
5,WMNqurOaFsSHaDfOESLw.wav
8,WmOfSnIRIjreEEFdMpMd.wav
7,WmrJWzDLjuZuXWZbnvbp.wav
5,WMsrzqbbnPOFXflOGrEK.wav
8,WMtlAiQjcJfKjqkjOXwD.wav
9,WmVkFHwcOToOIprAGQcd.wav
9,WMxSXdHFGQykDBXhHLPS.wav
9,wnFOHqwkFLdmTuCoFfXe.wav
5,WNGyEvPTvSTuJLaLIZzL.wav
1,wNJeSlRXKXItSwQqLXIW.wav
9,wnpcdZJLqFNazBmJRfvC.wav
1,wNqaRlsCMUpGewvxHmlc.wav
3,WNQunKXCFpwDCDFDfbUT.wav
9,woDIjLCUjGjYTGDKBxnF.wav
3,wODVjzAuXqepVNwMWkNe.wav
3,WolCwDidJeDHBsmRWsJE.wav
7,WOLkTCcVRxhScoSZTETl.wav
10,wOMFSmMBhVzNfwEsOsJT.wav
1,wOMubdbpkmjLCOkCRRla.wav
9,WoRhNvZBOpBOXVemnzas.wav
9,wOTTGzbwgHedIaMtzilX.wav
10,wOyRsHfAhNoTdQPMpjKW.wav
10,WPasgaLyqbxjzPcomaoY.wav
8,WpavZzZlEVcajIncREfz.wav
5,wpcglZOHOQGaUlmkTZMT.wav
10,WpEHbqllfURYdGXMzZNz.wav
3,wpEKktnZEwmIblJqkKtp.wav
10,WpExldGOqYAhdmPTslTr.wav
9,WpHNDTYTbQxHtbmfVHQV.wav
3,wPiyeByLIVlpqGLkDbqa.wav
9,wpjEwttnfTRJzcIZLAyF.wav
10,wPjOSElDImQTSFXOsBgw.wav
9,wpNLZLHQLjdMradhuUjC.wav
7,WPPQFXRBDtuYgCeeMCab.wav
5,WPrfCHNPasHzWtBlvhHo.wav
2,WPUQtaUKYrttLZrKimFh.wav
5,WpYarMnudIJniyJqKkNB.wav
0,wpZQiTnqGDGfAeZNvREN.wav
5,wQATUZgNEjjMsijjDjxi.wav
1,wqCRjylNCgqYkFAJyWwi.wav
3,wQEIsxFixaBJPYpdWyGI.wav
3,WqENlVgkjruVkQrvKBrS.wav
1,wQGSAMyCtrbxLTKtNKgO.wav
9,wQiYhCOYKQqJqdAhBJMy.wav
9,WqjQBIYJUyLWbxQdckaA.wav
9,wQKqoUoqWnFshwlhFIex.wav
9,wQlqfbfRhvQgmuDvTRae.wav
3,WQMXybIcyHZwAXvPassA.wav
10,WQpoQfkoaFjpRwPzEtyp.wav
3,WQsPbwMyRzBiVsQALoLc.wav
10,WrbvvZDdqxnIrFzMcvam.wav
0,wrHseETeDPawfwPybSrf.wav
2,wrhZGFXAYfxIyggWUzDG.wav
8,wrJcUTcjmHAqmjOGMiuB.wav
8,wRmFFyxTufuGSdGcYqZZ.wav
3,wROvpwQTUZvfARMccCdV.wav
3,wrqJFgDNEcsFXFwRHuAC.wav
7,WRqUEyqEwwjIZQiCDkBx.wav
1,WrrGgrBweguOwBDxJOiP.wav
0,wRuaYQXcrfSwWZbHyucM.wav
10,WrWHsVYkZHTdyGhjvhcg.wav
10,WsAENxBRBuUzBDXsbwAB.wav
3,WSarkOmBCRYjDgBxJgoW.wav
2,wsDtmOZGajFaPRNQsfON.wav
9,WSjEJFkwJmUDYBiYTXKT.wav
10,WSLhzUiuzvbgmOrUoVDd.wav
8,WsLnKHMKuEfigKQbuDjO.wav
9,wsOFnbkrtQljQOphfCdj.wav
10,wSoGfDDkohdnSmZdOgMK.wav
9,WSupTHbEyEneXdDjajMb.wav
5,WTcCjiWJMzRbZaKaCzZj.wav
3,WTCKZDyGyjOldqBaPqaH.wav
3,WtDeSbhapOJfTEkZIsfP.wav
3,WtepqmfakpjxGBhxLXCU.wav
5,WtJIktrgXHxpqWCQvKsE.wav
9,wtJNtmaKJyupiQUDnLGi.wav
5,WtlitESUPSzGEREIrbUS.wav
9,wTrEsDGZMEtfvUYrWWlW.wav
9,wtuYCRAokKjdTmQaKhWR.wav
9,WTVMoKFlfPGYavJwMuvz.wav
8,wueYnwbfTxAySHROVNMb.wav
1,WuhAamCQvdhLiWjBNSYp.wav
10,wUmRSpnRenKsFIJxYOKS.wav
0,wumZLrDhvRRFkspcFCrc.wav
3,wUnUjHgnMVmxBykbesRb.wav
7,wuovBafywWgpntSyAClf.wav
0,wusMzNzgvSlNVqDUJZlg.wav
2,wUsPBCCIxwNNvyNZXYWB.wav
9,WuTbRqYuZDEEOAPOnffm.wav
2,WUTqZAtarslaMhQUkxzN.wav
10,WUuzcIXfmOWYsyUptTVz.wav
10,WUYCwsQcAwAJIfkQgBHi.wav
10,wvBYXoCCVBOyMwynNYLK.wav
10,WveGzaBgqRcmlCbyySis.wav
7,wveHguxOUaNbYjPsPxEQ.wav
8,wVePXjLvcDOrxEAMYrMZ.wav
1,WVfJpIWSKJHZvaciAZty.wav
3,wVgrskZkSsBqGamqnHHQ.wav
3,wVhHfTUfHQaBeKBjaQpD.wav
2,wvHSwCFcLlrLHyGCVUFU.wav
2,wVjXguhVdtcAIbhlKOYD.wav
0,WVNeGqTggzjbSNLyzEhA.wav
9,wVPCcWGlcofSnnFnAoEC.wav
10,wvpVZnuvTWVfcgUSZciH.wav
5,wVRSHxkWyhRMujsbUGji.wav
0,wvtTzTnDrEXbDldlXjzq.wav
3,WVuvcZHsmklyuTKEvpwU.wav
10,wVyvUGhKBJDMtSdDUfzj.wav
10,WWhvxqHwVLdGaYJnOiOV.wav
7,WwjSOwGkVOllsXumxALH.wav
3,WWKSQcxnqWmtFUfMxgBg.wav
9,wwPBxFVcyNnhRyihKoEe.wav
1,wwPvlYmXSKIRFrscffBj.wav
9,wwqdGEiXDIQpqUMOUAzW.wav
7,wwQzSYOjstZmgdrLriPr.wav
8,wwVJrZniGeeuCqfnoHkC.wav
5,wWwYotKravqjhJHjUFlQ.wav
10,WXABpeDNnrtDgUBlxPXA.wav
2,wXahhCwGbxfgMXUoyUOG.wav
10,WxftzeTubWVMKFxKCGUu.wav
5,wxHCrgtisDHKQzVwtxKj.wav
3,wxJdxhMDNFfSJYbKUNCs.wav
9,WxkVZAdfPWhDcRXXVtem.wav
10,wxLBtrauKnfipVxmFtdD.wav
7,wXlrTlWQSGYhWNvBpiBN.wav
10,wXLsqumurzuhDaSEcsZs.wav
5,WXMGSfUjoUssufoDknNv.wav
9,wxmSGlrKvZNbeCzsQkhf.wav
3,wXogUEmjZhpsxjBUObbV.wav
2,WxowWFWtNNljrWyAvljS.wav
10,wxpCPTfissFDPprqMZyR.wav
7,WXpKeEEfkrjvhuAYaAvt.wav
2,wxrvUxOgbvlabixWxabn.wav
10,WxrzlBoaXliSGTSYqZuL.wav
1,WxSInYpcfDkqtrCPaBUM.wav
7,WxUPGOsyAMCrKJwSTekq.wav
10,wxVewQLRieDHDazfiIQO.wav
0,wycMoiSPHSITcIPoFlHi.wav
3,wyHjYfIToPPPOETerWbc.wav
3,WyJxVjWtKLjQDrlyYQKG.wav
1,wYKleNcjqVnVEUSAoddK.wav
0,wYneiZouTyQoTZSdIVVI.wav
10,wyNFVHiWXBfeYGfMpyht.wav
2,wYogMbbvbgMZnoaeoJmz.wav
5,WYPTYzbfHSZJWIOibqUi.wav
5,wyRparxaVPAyKoSowgqT.wav
1,WYsFjHQgFdfDngzIimTU.wav
9,WYSPnFpqkojyTzcudBoP.wav
3,WYTSKONBERGlstjyMcmu.wav
3,wYUfxUvbLvbDGnZHCFyr.wav
1,WYvOEpxMZrVGLFZKakAX.wav
3,WYVYcXUbZGpRgkvXtusC.wav
2,wYZqXycSiIVrfPbGaceo.wav
3,WYZvfsyZrlQwjBufbktO.wav
5,wZaEVsdSlDGuZpkXOvYf.wav
0,wZAREsmzdsJoOVZcEfQd.wav
1,WZcyiJbqwlEJrNTzDYVZ.wav
2,wzEXISQDLubYZrBnQmHJ.wav
7,WzfptboAWQNCvkbJyjAO.wav
10,WzHlPBTVNkgYtUiqOpSJ.wav
8,wZHuiObTitVRknoJqYvC.wav
0,WZjjCLWoCrslwNQwgbSG.wav
10,WZJpWOetvQtzHignIWEI.wav
8,wZQBIvADYdqMWPXpLyhF.wav
5,wZqiszQkDJhYtXegbcjh.wav
2,WzvdSbwMvYjBCctJJrxR.wav
5,xaCvyPmFnJIErXziolZA.wav
2,xADrjUNJLgjJHcbJekBF.wav
5,xALccJHfDIpzBtaXmvjH.wav
0,xaMSdjaCsoXfLrBVsIgE.wav
5,XaryRWTUanVdgzFQujqm.wav
10,XAsngvIABPrUtICTFilD.wav
9,xATkOwwrlSoVxMDVOLTl.wav
10,XbcKHrJkQaecwkHlEmSA.wav
1,XBIEPHItJILPpcrACdUK.wav
10,xbioLeslxSPgYJfNhvvN.wav
7,xBiYElRNEEKItsJySYgd.wav
0,xbljicVNaabzSWwvarNB.wav
7,XBoeAJREQKSDGLkqIOKb.wav
3,xBoYyRmhHYgdlIwjUdzI.wav
10,xBpOEMUOAoNYIuVRMvxp.wav
10,XBqtRTrkuwsIiTFztCvJ.wav
10,XbSlECWaISrWRBTjOOgd.wav
9,xbSZCWlJwwZhissirguj.wav
10,xBWTRzRaHmEdiiivoEaT.wav
0,XCarBCrMlhslAfyMcGcp.wav
9,XCcIZDUKdtJoWlrEENoY.wav
8,XcCrWgvnHtmSGBlaCYny.wav
3,XcetVJafyQyASyPPoetj.wav
1,xcgIhoqianFrPObkVgBp.wav
5,XcHaSYDIjhPhzpFckKpc.wav
9,xchbhGfEpAZolSPlyjqI.wav
3,XCoIYjeFUuRvPopixsdY.wav
0,xcsLfRnbCxlgWFnyPbyz.wav
8,xCvClCUOhrpfiqHaIsZu.wav
2,XCwYdbGpAzDeGIGdnAbP.wav
3,XcYZXfSuOJYHLkWyRxdv.wav
3,xCZjvWCgGruEWqxIKYQl.wav
9,xdmwdlFJBxnTDJgWaZwF.wav
9,XdnmmJUUMLndZqQfzVMK.wav
0,xDNSOCYHOnrmypdljDCW.wav
5,XDpqEAtMoRXcnUFHgipZ.wav
3,XdtwcbTuazJHoYlJMdBH.wav
10,XDXBVGJZBmYTpjwKguFP.wav
8,XDXukBldfJbTwDomaemP.wav
2,xEBeMtdkPpmUeqQpzzsC.wav
7,xebpZLXINNhQCKMLHezB.wav
10,XECCVGEMhieheIrzaEFk.wav
10,xEdbWtxdAJaySXUGEKEw.wav
5,xeHbEmpymFpfVcYEylnw.wav
7,xEOfMwDDGWUSEoDErwil.wav
5,xEouJJDiBstEdOyCrmtG.wav
10,xerRdEZKwWwtTaEuvsut.wav
2,xEuiuRuxVjCslPGNzzWN.wav
3,xEXVXIAAoZjegrqrojNZ.wav
3,xEzDdoDeuorXNCfanXET.wav
2,XFakuoKohKndXboJBTSC.wav
9,XFBGoEAUGqoVTHUvgFuL.wav
10,xFBVBnLjteFTYEpFKGat.wav
1,xfcwGDjJCVFVOuFDdjZZ.wav
1,XfCxSXNIhDbNOvUbgWAu.wav
2,xFeKHaULIfAkyaiIOsSK.wav
7,XfGkMgDcRtmIhDXwaGlf.wav
9,xFIuNuqswEuNcRWvlZaP.wav
5,XFPzDRREZwkZfKJlozfh.wav
8,xfQcsprvIdSmGUdBURmO.wav
3,xfqmwJYHNMupZEyCbkPA.wav
10,XFRfDWpCRaNfJMfIIQOG.wav
10,XFWlRdIfqNPyciXGnOHG.wav
9,XfXlUtICyocJcraPMRhd.wav
8,XGCoALySatEShLFZTOYm.wav
9,XGcWVwXTpEOUJVqgFnDZ.wav
5,XGdxJgpVASdBvJfiYMWV.wav
9,XginJzmCkAcYRByuLZHK.wav
3,xgKotbzqkVWvrEcBNUko.wav
0,XgTnGoVrkaXlzkQQNSkg.wav
10,XgVFhxBfwydgtriWUcKu.wav
0,XgWBEqdzfgAhWJIJNkOx.wav
8,xGwlaTafMDSYYheqnnSI.wav
8,XHCqSJzAKzDHkbKbIMxr.wav
5,XHDmrRtMAaneDvUDrrqr.wav
0,xHfHrFMXABHTWgRzJYEv.wav
3,XhklJFqvIHAhTDQzHBml.wav
7,XhpSAmiCyWHbCpaFbwiu.wav
9,xHQRzSWPteMbpgCOcSuB.wav
7,xhSVoFhPKBGtZFQyqOpY.wav
8,xhVjaFzTkqexkRtEmbMs.wav
0,XhZDPHpVZqgnDwoAUwlh.wav
2,xigGtcLtTEPDfMpLnpwE.wav
8,xiglArxBxxNHGsdwAJpr.wav
0,xIHOznqEkDaPTIbmGVxf.wav
2,XIhXtEGPlzqxEyMyVMTb.wav
3,XiiWsFlRqPfkFvXGagMG.wav
1,XiJttbzApDbpfnIfblIo.wav
3,xiLMzyvxguVweAHKZwil.wav
10,ximdCagFPbhEAwVabBlJ.wav
5,XiopVIpXDmyFuhvGMgYA.wav
8,xIotWzQNHNWdDLuSXvjE.wav
8,xipqFxCRpdmHVCULhOQE.wav
1,xIQkzlCuUtAhEZMzLgvh.wav
7,xIrjYLdKXnJHbSCVnqQe.wav
8,XIvZrWSnKZIOdjPFDyxf.wav
10,xIxEkwAPCWuJNoERkjaQ.wav
3,xJBqbAmThtPMmoWhwaAI.wav
1,xjhUdvEiTNyxTspkbLVh.wav
0,xJjtAUhhczLcBuFhnZDE.wav
10,XJlthdytKOVyVULNoExP.wav
3,XJLWqyOmnMqWFbShecET.wav
1,xjNTNNNqNRlgzPzpNRjm.wav
3,xjwrUyirzLbkVfSuGwfB.wav
7,xJycpqTVfLFfsjYKIoZd.wav
5,xJynqZCQdzOiPeONisiJ.wav
7,xJZpgYtqyqUbHYaKvjCM.wav
10,xKaMOulvywQVnFeioRLQ.wav
0,XkdnYhhSjzRllpIEFHrS.wav
2,xKDXpyVLMMoVqiJjhcGH.wav
7,XKECPjHnlaONjpfcrFvb.wav
0,XKEgqqXguOaNvUzIBeZU.wav
0,xkgaqRogpwyKrnseHtvd.wav
9,xkgbnSrzDllepRKbpoAo.wav
5,XKhbQlwMFsaNCvCulcoE.wav
7,xKhIvKZhcgsFyBlmxcVh.wav
9,xkhVHFJWEMQDsVmPxwlJ.wav
10,xkjfJcWDMJosvDbVqIQD.wav
1,xKOfFxjiehAuWdcpcVNb.wav
6,xkrmivnztmhtuqdealzz.wav
10,XKRXrJnYjtwWnhMVGrSc.wav
3,XkSnAVCMJHhGaazZPQps.wav
2,XKTNasRsrtdWNnwuyYjA.wav
9,XkuEOkpzqIlvJYckEvSy.wav
10,xKuVgSJkKZkFCDxTXLXK.wav
2,XKVuVgFEhaWMykhPsQqA.wav
9,XKWpsNJyGimhLhWSjfRz.wav
5,xLBanJiFiSnqGHEKxPaQ.wav
5,XleIvETDeEWLNkKSRQFA.wav
2,xlKYJGDbrwQaueEADzdN.wav
5,XlllqNfidpiffEmEbzej.wav
8,xlPzWZKClIUxuauIbUjb.wav
10,xLrYBjBThhRZfdrLGyxB.wav
0,xLSBYaISZcIYYutPVkTz.wav
6,xlvcelgqzpohqlzethcl.wav
10,XlvtMpfWvDpSRUUknugy.wav
9,XlwDzowcvhApagVdQGpF.wav
10,xmbnGJukqxOxKqRJaiok.wav
3,xMUvBlshZOHNROObwXqT.wav
1,XmwfXWThAWIoHJeHMAbL.wav
3,xMxxuMfYrNxnMkTkpNgM.wav
8,xMXXwsNYjIEmdUVjyhzp.wav
7,XnakrvmZPYFsVfHwfxMP.wav
6,xnanbomngtnnoumbjwks.wav
3,xnBDEJrgAwKPRavPGTiu.wav
10,xnciufWXQANWdUVuvydF.wav
6,xndcrpvoghxvvybhegjx.wav
9,XneUtTGNCaytdtwCBiHw.wav
1,xngBjhQYSqDuOXCQtzsw.wav
5,xnGnhrSioQYKOXWdEWvo.wav
1,XnGOKEOfFaDPcAZDvhAB.wav
6,xngxpjaevdtbqygyitzt.wav
7,XNHeUZkLvgtqpYICKhnD.wav
8,XNHsNqooGBlTWhJzDTqV.wav
8,xnjZgIvvNMvMHJHfGQwg.wav
9,XNkhlrWdwTzrqfCUykXN.wav
5,XnlxIFoNEEbYWZrnLEaH.wav
0,xNngUvPmdxakjdKyRDwZ.wav
6,xnnjztmbyyizhpyuufxm.wav
8,xNoQauooIRJWXbHecVOK.wav
9,XNrNjAAFHVgJkyXcjrRh.wav
6,xnttqxjjomimwcvfqbwe.wav
8,xnwSewDIOQjqSgBYWzuZ.wav
8,XNxxnutscqnhCcKkZpBi.wav
0,XNzfipDacMVWamtOeeqz.wav
8,xnzWsDJyZAgBgbhEfhpa.wav
2,xoAcWFvYgnNRdnASzpVZ.wav
10,xoiczRLFVCThdyLlpeLJ.wav
9,XOIjHmHmXEojONgSTCPY.wav
3,xOkRfxoPmLPnoSHqHxOE.wav
8,XOLlKwnaIaLrgjKKzmEM.wav
9,XopXmxQOXdDeNIIVfRUu.wav
10,xOqEokrBEiXrJnWdezsz.wav
5,xoTqiNaLFOCNzGCZAxPJ.wav
9,xoWRSGPrDkssIParaZhE.wav
6,xowttfqajbhyvtwkytui.wav
3,XowURNZrcFBMtyIUSJXP.wav
6,xozssxvbhqvftvnldptk.wav
9,XPGjUdWpRUCdgmDeIKvX.wav
9,xphIVsgsbqxTapdrOAdn.wav
9,XPIhjgoantIaQidDwpAJ.wav
6,xplmemnlywggttdgmyjt.wav
5,xpmesyynDKbMvvbRLqbm.wav
3,xPoMyjlchnqhFoRecVMB.wav
2,xPTGjjGwHnyqQwffaOPq.wav
1,xPWdGPCKoJeUocltzdpj.wav
3,XPwqNHqaRDLHDLYXuxqf.wav
10,xPwUUTsLiLnlpdxIcFBI.wav
8,xpyduNvvyQDNDOofITbJ.wav
2,XpzqcJewkERvZztKAAvc.wav
10,xQaWsnWSSlWZdtwBvJBa.wav
6,xqbgmcsugnkhojkcqxhj.wav
7,XqBiUUUMrCCeiRlcYJft.wav
3,XqgNzAJHhiXYdWOgrQeh.wav
5,XQGQOAgkAUCetmueeYfH.wav
0,xqkvJpKqtHnJeQdKamwG.wav
6,xqmgmjqhzhniqhnedxgk.wav
6,xqmvjsoovyphmutpiiur.wav
10,XQrbiBEynvZzFMYnztvQ.wav
6,xqsejpzavpdekyhvklur.wav
5,xQSWKXiQZmgBWVKuMzIP.wav
8,XqUmOXjWrYYVzfIjNLXP.wav
6,xqwemdubbskvzgicajog.wav
0,XQXrzzMzGzorqvVDUIIs.wav
7,xQyKXoRcyuhSgjbYzINB.wav
10,XqzDNdUYYKFZPnsczKLA.wav
6,xracdpkrnjwyieoptibp.wav
1,XrajZQrtpzhqTBkcouQu.wav
2,xrbHeBfyrcJtjjBYPcza.wav
0,xRBZlrlQmzTGWvvjaKwh.wav
7,xRcmRNbEJmtEeaSSblLu.wav
10,xrJhlDGZlAGDuYyqjtRk.wav
2,XRPaXcwArzxGOIjaVJcT.wav
1,XrpTojJfVieCnzZeHfcJ.wav
0,XRRDdOobjkOhhJnSjBhQ.wav
6,xrrdgiiyybirgzkbvdkt.wav
9,XrTqbEssLSSqDLmkRjox.wav
8,XrXpezGKcZLGWSPnjJXv.wav
7,xRXtQIOZARUxkMCcsjbV.wav
8,xRyzwevfqewTVmirzKaX.wav
5,XSaBhYIGUOvguxNUrzAh.wav
3,XscsLuWGdggiOTqObrkV.wav
10,XsICRompnJyLdqQigwJw.wav
10,XSJcNgzLaRjsxTWkeHnn.wav
1,xslnPSJWNgUvJBssJItC.wav
9,xsQghvkLjbuiJMSNOUjF.wav
1,XsULwfEIPWESJTwCYexv.wav
9,xSvjlZdgADxUbjGegvmE.wav
0,xSVYJzxQnXimujAywGFR.wav
0,xszqGXKqNgYNUymwnIeg.wav
3,XsZuqaVgntbrPvVPGDia.wav
2,xtAFdBTHzpXdjhMJrOzP.wav
7,XTbgPqPHnyhkNYecQoFB.wav
9,xtBWcDLqUvraxwfcysNr.wav
2,XtfwjZTevgezhynDPlNf.wav
7,XTgzEkKfkKceJFNfgzav.wav
3,XThYiLvEeUUpQBgRKkdM.wav
1,xtIDuiIZPXRZvOJRBGan.wav
3,XTiXqcKPwgYmWuhHxisb.wav
3,xTJVRuUBuPWZaNYQAyyH.wav
8,xtnNdQeMCmuklQhkCycR.wav
2,xTpeXknHGWkuGABgzAbp.wav
1,XtpKwyLDGlnViUjXMcLi.wav
6,xtsbhpekulbnkdaacdhe.wav
0,XTtGrfrgcSoBApffznRV.wav
10,XtulHvqHFyfXjJicZkue.wav
10,XtZCETcqNCLJgBrCKlHt.wav
3,xUBeZUKllfMPBLIohiuP.wav
9,xUCbWvBVRlKimAKooFKI.wav
10,XUCSeFCZdIBFkPnObrPS.wav
2,XueaDPqTxAwNCjlWHjmS.wav
6,xufbmaazyeztkcnxvjxv.wav
9,xufutrgCTPOlzjczUhPS.wav
9,XUhKMsPILXMTaSSVoevH.wav
9,XuIDcGeNNtorImYgdBsK.wav
10,XuiPyigUHPInBtRIngHb.wav
1,xujnyAWFaJmbKkbcJJKz.wav
2,xulDTLMEPEetaxzYoUEc.wav
7,xUniiielRLXGxKnReviy.wav
8,xUNMRIWzyZfwMQyNOsfQ.wav
2,XuOjtEmgShevPGuCEika.wav
5,xuojXCNddnaumqonDLDS.wav
0,xUQFOiYbZTwSWivuqcHC.wav
2,xUraQXTBVbfFDwdOOHmi.wav
7,XuUGtbWucVJWwGTGXmIT.wav
1,XUxjPzkdxbXSFnmwkbqb.wav
9,XuxomxTvpjEbCiZKINid.wav
10,xuXRkXFYXGscrlAqtpJv.wav
3,XVBEPbEZKvrCdJFEcdAK.wav
6,xvbjrojunrkuelggvfod.wav
10,xVcAOBOynvsGxsYkfPbS.wav
3,xVgLQrGTHilrFObEwYtI.wav
7,XvJaNnoyScRObhWRYtTd.wav
2,XvlJQuKIyCZUqPOYtKqX.wav
9,xvmVvBzcjdlNtjKEGKdA.wav
9,xvNWzGquohTtoECjQBtM.wav
0,XvqSkjTBzvGyKqqPvtBe.wav
3,xvQXDiAZNIGQODlXpuUy.wav
9,XvrYmKdxzFzKYrVQyVTK.wav
7,XVtrXgZQjPtnNbxAwiaa.wav
9,XVwEGQmNQCFwJXkQnyiC.wav
8,xVzfXKpIsSjmouBgZgOI.wav
5,XvzsIHEfrcxcteJDnjrV.wav
10,xVzSXVXTyVLLLyNMjFhN.wav
1,XwdVDqssXnLLOcqcyppD.wav
2,xwESrHYxhhuguhUqNlyM.wav
0,XWFWnJURstGkzTZvgRHJ.wav
5,XWgoHGKGbpGZfPmbRRnG.wav
10,xwHJRatZKAMqGlPJMXeL.wav
1,xWhXyLetzVBwhNMPRuLe.wav
10,XWiCRRvJxuDUPnSsaLfu.wav
3,XwIfzlFQfjsqsVCKAuhd.wav
3,xWIPrKZLsnmAgtDosrec.wav
1,xWjjYKWmpBBckZKFRscN.wav
2,XwkGHyXhowojCBWgficN.wav
0,XWMNRzxbhjxpAsnzNRcQ.wav
7,xwnHXjrtVFNvAGFjnPfZ.wav
6,xwptcljnsqjcnqtvzckc.wav
8,XwQiRkjmBJDyxbfAcJth.wav
10,XwUWudvXUDFXSrZKPNVg.wav
6,xwvosbgkgyprysoayfxp.wav
6,xwwrrvxhtsjnhyjppbiu.wav
3,xwZCefArqvjsXPRaJmDU.wav
10,xxbQLbVJKZAkxrOAdejH.wav
1,XxCrPEFZGCdLabvNfrsr.wav
8,xXFcBSqAuKMRlAxJnQIY.wav
0,xXGyEoxrYWNjrZHzmPpk.wav
3,XXhmPKESbaXNZDpyzFwb.wav
8,XxLDmFMFeTtTWQznluwf.wav
6,xxofofgtmsefygokkabp.wav
7,XxPzjivnZugcsGpTTxrX.wav
6,xxrcmwvzwrvwgoclzcaz.wav
10,XxryaxUxBQEIwaHQTmPk.wav
8,xxTYQOcbSMKATTUftqJX.wav
10,xXXrSMzPJysawsbunpKT.wav
2,XxzUiCvRUdrACsONyTBN.wav
8,xyFFPuZZhzaoEjUqqrAg.wav
6,xylhyvwwgyyzlxfbvjdn.wav
9,xylrghaNUOYdwAhzakcG.wav
8,XYmLzGvkVktuznLagrau.wav
3,xymSLNTTRCyZMfuhwyDX.wav
10,XYobwQGPRQHvGSJxjOmO.wav
1,xYpJooYikBXqNCmuXoxc.wav
9,xYpUSvbIVWOqVPMwaFEu.wav
1,xyTDSVEeNqeVeqjjSswr.wav
0,XYurxIzLpSOMmWIPNVEF.wav
6,xyvxbyddpktaayjqxtkp.wav
3,xYWcUMGukXwxSeZrFyyO.wav
6,xywsoahqrqepskchchme.wav
3,xYyTGQhltCBhbUiNbyDw.wav
3,XZAEEoUUewcboarFoFPK.wav
10,xzGdjirDwJQjVwTYqDwD.wav
2,xzIeEjzXmfkmDlRboNPR.wav
3,xZJeWOuBgJPAiUrLbOrt.wav
9,xZJioQlNeLAyjdqREnyJ.wav
9,xzKJXGJPpbUVXsujpmXk.wav
6,xzkwgemsoovagtwptwek.wav
5,xzLByeHpieCTqdKZbTqD.wav
2,XzLUvoplUnbjItWxFggu.wav
5,xzpjCoUbGajAehTISffj.wav
6,xzrmmaraxtbefqfsawjx.wav
6,xzubphktbifuazalmlel.wav
1,XzWDpOjBAsGpVnicCXHt.wav
6,xzwjmspgxmryazhsjloy.wav
9,XzXVdurlpSmrkZrSRbix.wav
7,yaAQipwcnJIGSHGpFFZM.wav
10,yacIkYpHtaRNfdiZxAgB.wav
7,YaeHPDRUgwAajAIUjBBR.wav
6,yagpvwuwmdmhgpavzfir.wav
0,yApwVKkinguklwTfIKlW.wav
10,yARvWWjeLzQFLdURKUAH.wav
2,yAtMzOXItSikjRbOPZID.wav
10,YAVfsezHlvThRigdnkMC.wav
6,yawikfpwruxzicopujyr.wav
2,YBfFOOvmYYcgyfPVEIBV.wav
2,yBGCGuiqsQyxJkyKnmEa.wav
5,YblydkdzbYNiGwgVzWXZ.wav
0,YbmCxfeAgNfOQZEgbzcd.wav
7,YBMXNDyMIGGwrchSnJDR.wav
0,YBNjgkYdwcGEnABQroZv.wav
10,yboqiIfIATcbjDPYscAg.wav
0,YBOwGZvqhKsixTuysBRE.wav
9,YBpBQGPagKfvlWLecxZb.wav
3,yBqqMpAjqvikFQtsePUh.wav
6,ybsczfzaapvdqlvifdhn.wav
3,YbSKMxZkLpPUWeLybZZL.wav
10,YbtMfqXXDHhXYwnelFwL.wav
1,yBWMLTqKfkaIWXWyHdNr.wav
3,yBXXGtTtOuIlkvwHyScY.wav
6,ycapwmgacgqdoqvhldbb.wav
8,YCBhhWzIRcmAvudHmYJa.wav
8,yCBKhMiJnBwlODyTYrgI.wav
6,ycfebjewncojvnwadblm.wav
2,YcGwDAwQBlXrDbXUpQyp.wav
1,yCJXEoeMjqkMYDJBSRkz.wav
1,YclIYViUOXpIGwKizlCj.wav
9,YcLRuvPUxJIBlcUtAXfI.wav
5,YCSvKjyoCyMKteSbVEtt.wav
1,YCUOLWGtTKQDAhOKmsOt.wav
10,ycWfslBtjvhuQtGYTZUs.wav
3,YczhrBsIifenNgZDUUPx.wav
8,YdbCZXyYUALLZRQxFYkY.wav
8,YdbjrTmbiUpnTIchwJVP.wav
10,YdgDvDaWcxzPXReOnFZX.wav
1,yDKCpvZlxBNNtuCRSXDK.wav
3,YdkHhDlIRimeTGeIaELP.wav
10,yDmYHPCjkxbjTiDfhrss.wav
8,YDRhjgOSeoABzxjoefza.wav
5,ydtKPtVzpgvVCHbEbktP.wav
7,YDVbIgBzxtmpxjPNGwTc.wav
0,yDYYFAOmiDOQnMoepkBx.wav
6,yeabedgojvmsrfrtqlpy.wav
7,yEAZjHDXcZOYnkletKiY.wav
3,YEbuwDKbFVgNZTKoeGEq.wav
3,yEeGXEIsSXpcBTnTKfEF.wav
3,YEfIvgfIaWowWkGySTCN.wav
3,YEkFEDqUWOBPjgvZuqzS.wav
6,yeonvfupuweapjwjisrs.wav
6,yermdbyclessisgoxjvn.wav
10,yesxoXsTmfnxGdGhBRce.wav
3,YeYGxVJcEWXmrDzubhTJ.wav
2,yeZmdASfoCTRwufsJVpB.wav
10,yfacWwVGOgskJYuBszyd.wav
10,yFALLrjgOxWNAmkkBbtd.wav
0,YfAOvbOOpoIibUXJxVml.wav
5,yfbazlsHXAeTCNLeGsGb.wav
1,YFBodzFzqkoagoFNVeXm.wav
10,YFeSZHUmlrKpgoJgJmgB.wav
10,YFgUZfYjEwDeuUzIfWQp.wav
7,YfHHdrjLciUEfwtKRjxC.wav
6,yfhmsskojbirzkpcohbk.wav
0,YfjNGrjEBLKeJadPKaOc.wav
6,yfkxuilyhgwsswdeldil.wav
8,YfQEIgtPWWRSOGHWogTw.wav
5,yFsdHuNMmINXXzcECNZD.wav
5,YFtoBSblKCRRXlbVBXke.wav
0,yFXWGQiXkFkKQNVRlXEn.wav
6,yfymxfucrshjgqumljeu.wav
3,yfyqBiKrRsIxAKvCLoRW.wav
1,YGCypAlEbIIYtbFRREju.wav
3,yGKlDtnhGUgwXUUzFSLq.wav
2,yglDQAqSNspXYNtGLfkL.wav
6,ygmottgswrqdqvjxyzaf.wav
5,YgSfIGbgzBgEMGZeUSMU.wav
3,yGxcSXmLFsZjxDLacVmG.wav
0,yGXOXcdyssVOTYbAFpuh.wav
8,ygzKKcWlLFwbeEkhfbiy.wav
5,ygZlsCTJTJRtBigiFOGG.wav
2,YGzuehqsuuuhBsgZvRUV.wav
2,YHAuAjjHVcWZLxmiyQVh.wav
6,yhdolbmbtpleupxhigvb.wav
0,YHghYdcosgsGTSKMBkZw.wav
2,YHiRNsdBdWmJQcXohasA.wav
10,YHjjhKlFlpfnhaRzXJPg.wav
5,YhkEwifFSNKPrZljEbBP.wav
3,yhKPfEGPpQTypoFbnyGj.wav
7,yhLSOZGBCgrAQiQquoaf.wav
10,yhlTFcMrqXkbwxzoApfm.wav
5,yhPLibyQuRJjyKECUQcv.wav
10,yhPwmvhcPGtxoJKiHzwC.wav
6,yhupsfckfvuzacxlrywf.wav
5,YHxgKySdHusfoxHwoanD.wav
6,yiejpcjsiuetbksdesap.wav
3,yIhWgNqBWqbTDObUYScA.wav
10,YiNYuaYfukRqcdiaLKQa.wav
6,yinyxvsxiwejfunhltyd.wav
3,YiPrJNxCxROpPctqQqtq.wav
3,yiwDYcCqwiVdMwXSFEtn.wav
3,YiXxQsdPYkrQdJEWLHLh.wav
10,yiZqSIkfgEIYPEtNTkwZ.wav
2,yJcEiwQGagfqFlnmEPbZ.wav
0,yjhjMqQhAgFWMxdxelSs.wav
6,yjitpkbyqeqmzadqhosx.wav
3,yJkznEiHAWxcoYCyAicC.wav
5,YjmlaiLpvdeRyFBkGuBg.wav
10,YjOedJimzecRxlPTauJo.wav
5,yjPYDZxAIoOTtQOYvhVm.wav
6,yjqkakmyccihrgyobcis.wav
7,YjrlIQXVHgNpSYBNtrvX.wav
6,yjrzdnekldubngqknmpd.wav
6,yjvdtksrittviizeotjj.wav
7,yjvmkjQHpchpGZoSXMLA.wav
6,ykbbldufjfmcarsxgpmd.wav
6,ykckjnzeyghdtvamjggo.wav
10,YKeyinHlHsxRuaigDiFv.wav
8,YkJEJurywRjXBTAzhJjM.wav
3,YklrkIbjoHLjtbETWDbN.wav
2,YkMgXDKxWWigdJfzSOzk.wav
2,ykNKvNMxAXDIfiIRWFyF.wav
1,YKrlyLNLRweKvLYsGjgx.wav
3,YkSWqzTueejFKMVmzgTr.wav
5,YKvooHGnaSRYzMTPgUHN.wav
8,ylhheELzpYktLOFchXMk.wav
3,YLkPKKqXKiTOKuZeuwFN.wav
7,yLlmicWCHdxOnkBbdsiS.wav
6,ylmdhnkhfwrvgtjcxwue.wav
0,YlmWXUoXEiNafXYhyHRv.wav
10,ylyNBQevsKeWVlUJaVYX.wav
5,YMCfdeISWtvokmgiwNvX.wav
0,YmCNhLQOAxeMQAvJCmPZ.wav
10,ymcsTkreiEVfYdlBQWgs.wav
2,ymCxQVRbRdLpfZSzjIac.wav
10,yMextBwOsdmUIQJjMOdf.wav
1,YmLPKCyoxAxaghNLWwSb.wav
10,ymPINcxpYADHRFjrTdGa.wav
5,YmSzHRxTQszsJeXAbPSh.wav
5,ymtIkxNnNuQnSdoQekWX.wav
5,ymZMQErTIVWEuszpDYPG.wav
8,YNBvuYuGOAcYuiLZTVBO.wav
8,ynCkaBbVbnvspziZUGhv.wav
6,ynheiqdmsqyxgmekomnh.wav
6,ynknexgfckaehfrpjtjl.wav
8,ynLUyegSaroIMiVEeEFX.wav
6,ynlxatcruukahvlmmuwr.wav
3,YNmuGQAygFKxAMNWtWhz.wav
8,YnmuZxsdJIdkxNabcKYI.wav
2,ynNlQVdEzQeeweAEIVVM.wav
8,YNNqNnxnwhhzEXCRfpJH.wav
5,YNpdHYMyohadRgoFCZMb.wav
6,ynqwoubktpmxztejkruf.wav
6,ynussofizkudcehuylft.wav
6,ynwoedvizkmdkstusokc.wav
10,ynyusklzHKEvboLQtWOr.wav
0,YOAAwzRWOFbiOILiSAEX.wav
6,yoaylylzfnldhzjmeyhw.wav
6,yoepxxmomlklutnfkuwb.wav
7,YoGmQCqPvoXdBwNwRhLb.wav
3,YohLZUBvexSYVXecJRHY.wav
8,YOHswuYmFOwEVlOrHBZG.wav
1,yooNKtEUpTpqaWXqBDme.wav
5,yOsvQdPbDFpcfjElgobL.wav
6,yosztzsoeychjlnatxll.wav
1,YouNgVuEjqZHzpGGcMRu.wav
0,YoyHXXIDUKZrTYXuDfwT.wav
7,yOZioAFOYXiXbiRPPYJn.wav
9,yPbifMxevxBHeansPwnW.wav
6,ypdztdthsiqamndnbmed.wav
7,YPFtBScDVSsXrMXZZZBz.wav
2,ypggbuFDVcYmqVBRFzXt.wav
6,yphrctvjqagbhcbxxoig.wav
10,YpiUKPQGTgoJgHhYkswF.wav
3,YpJukrGJTTzUrquPzxxd.wav
10,YpjxSPtCzxqENKoMkVTj.wav
6,ypmuxpwvmnqoinzbjxbf.wav
5,ypnCRehKcroFTJGsVVfq.wav
6,yppdpkzdgdhgpuprncwb.wav
2,ypsDmKaPBOdxSalnBbPE.wav
6,ypswslydpgapjthwgrdc.wav
1,yPvtZcxlNOjkowvmJjdg.wav
10,ypvWtHbUyrUQsvpLBubv.wav
10,YqAfpZDHdQyOwAOAmmso.wav
6,yqdasrkwfflmvgauwptr.wav
6,yqgosgosewqvtsswvxgd.wav
5,yQKhpcPpMtmVyetzobgZ.wav
1,YqolasgSYAokdRRyWRvV.wav
7,YQrHEAnDCrKCSrMXSqDo.wav
6,yqslndqykmestsspfrrx.wav
6,yqtkoxwhpfaeebfxlwww.wav
5,yqupyQLwGBPTpJeHMypX.wav
3,yqxcYUBRVwopAQeeFLtx.wav
0,YrBQrTqnryxmVeqtFWka.wav
1,YRcnqeYwWsDzZDAaBkOR.wav
10,yrCTywjxNpTkEACdBfUf.wav
10,YreOMrzQSFcBLAyuwQfF.wav
3,YRmimePPijeoAXfMEBqU.wav
0,YrNGlWlvkwpeUAyWKaJH.wav
6,yronjfvdypkikxwizlmf.wav
10,yrShIvUtvXlEwkYqVxGa.wav
6,yrymbfiqnpolbfstezgc.wav
8,YrzVRuptbdmvxajdgWBQ.wav
7,ySDQvvJFpWGpcMMpGXjU.wav
1,ysKhUWEcahmJqTzBWzoV.wav
1,ysLrfRQyfPMDotlrZWDS.wav
6,yslvkqpwmeemmnkdejod.wav
3,ysmgcqZrFmONGQcDEIbU.wav
5,YSROYdNvVQRhDnbgazjF.wav
8,YssahmnCScppxCyrYPth.wav
0,ySseUNbXUsQsSocgVigM.wav
8,ysTvVnXVLILBajiTikgZ.wav
8,yswwWqLWeSVczvAMDjwQ.wav
7,ySzTIYZxWuZtvEkOlLZn.wav
6,ytanymlibybmxlcndigr.wav
8,ytCiKIYHhgFxqTfsPYGA.wav
10,yTIaTdAmGrdoycgCfekA.wav
5,YtKbMVQIVwrstYEknUiO.wav
3,YTKeaWupKnEbaWmMwDKP.wav
10,YtoWkbfUTGFJtWZzUUKE.wav
0,ytUYnhdiGvdVFmSHLLTu.wav
0,yTXBPqmJRjSHGgVFWPrm.wav
1,yUdlypDIPsSmBYkApXBn.wav
1,yuGXJegpAiLRlhXgZGRH.wav
1,yUKGFjdEDBaVGvzGtUsU.wav
6,yunrrlwofjuztjkpwimr.wav
10,yUPsFPsuLEVsVwtFptvb.wav
6,yuqhfiibtvetbbblzngh.wav
6,yuqvntympeoungklluub.wav
2,YUWemqNSutrQPZrqmkKd.wav
10,yVdEQrWVCfRUEwzrFIEx.wav
7,YVqjNsaPvftRRETTbrFa.wav
6,yvrnnsimbxeodbsaeqic.wav
0,YVrVsoKMbaSIaiwPknxx.wav
10,yVSIoScWSEOqKgrTnEJy.wav
7,YVtfoRqZFQCzZxsOXsZE.wav
0,yVUVPedmwIFCQcmdgTNI.wav
3,YvVImiriczEClZdENopo.wav
2,yvYaEfeqvgzLapUzdJar.wav
3,YVyxCHIaotoeHVSVrgGx.wav
0,yWAAMGMekcMtOWcBftvA.wav
3,yWCrOMRPCHdxTxoIJIoV.wav
10,YWdgWrJYYSkGfrzZiYYF.wav
2,ywEmWYSlSeNOJyxzKBxV.wav
2,YWIHSxpgYCxCCkkNEpZF.wav
6,ywjiyezukxepexuzfdxk.wav
7,yWNiWrMfYcoZNIHQQbrC.wav
6,ywnkhfczetqewasxjysg.wav
6,ywqlkqwmfjwjwrajqgda.wav
10,YWsZTuroqHYYUraTccYG.wav
8,yWvrpHGGqsPjkYlVmATg.wav
1,ywwsrtugiPPwwGELbURI.wav
6,ywxkapxnidadiwidenll.wav
8,yWzyeDwstEqtWRbpZfeh.wav
1,yXFgVjLNVhHeQBSEOIqa.wav
6,yxgfavhcvzkiyphorsnx.wav
6,yxitkzajdiclkqyhdyfg.wav
6,yxjcvgrtsluzgtqanpzr.wav
6,yxjhmnhrgqpaueeyabyc.wav
1,yXLtFRrClKkVXKugxitQ.wav
5,yxNvRqSmhgwZoDsikoGi.wav
2,yXnyazFRfAJLTxwteCsG.wav
6,yxovzyolvwhqafqjkdlv.wav
1,yXrpSJMzZegQmBVdUvRP.wav
1,yxTyvUWIjIuIkthSyjwc.wav
7,YxXInJHSPLKKeurGcHCS.wav
6,yxyhcssskauphbvqrdtt.wav
3,YyAPbSXJHaEVYHARBOkj.wav
3,YyFhpBkdxFZhVglTRMTL.wav
7,YyFVyKHCnMpOTYapGoVg.wav
6,yyhivhkeyfkjygkmzhof.wav
5,YyimojsiceBoNTUoKCBu.wav
0,YyjhInWRlECvptmszvGF.wav
6,yykftwpoxitsxzjguxgd.wav
10,YylnAVFyKWEZaWIFzoCN.wav
6,yyposkciaseqqpzjgmxe.wav
6,yyqxftsyemocicoxyqiq.wav
6,yyspogxjcwgcqjyjcyjs.wav
2,YYSSdldvYhiUQbpTmxlK.wav
5,yzAWCuUMJIxWiRhxlRho.wav
6,yzeetretgntbacehzajh.wav
2,YZeRTJcivyKYABmiXWGy.wav
3,yZFfeHnqHKrUJjFsZVPC.wav
2,YZloETgiFnyMALfMMxch.wav
6,yzojdxtoxmkghwudnpqz.wav
7,yzOxqpguSLmWhnijmRyk.wav
10,yzPedIkHGagqIGAHDlEF.wav
8,yZppDjsLCnnpuqkAiWcW.wav
5,YzthgCtYWCsKQrdhWLTN.wav
3,YZvkcaNnkyWBQNEzuLkH.wav
3,ZACGxhlxoOhGETMsQGVC.wav
10,ZAeSNfxmrILpOyTDThvR.wav
8,zaHDUIBLlnLqjVvgYmiB.wav
6,zahwrasuldxlrmcvoyag.wav
5,ZAKUVShZgtKLFLKsHtrU.wav
0,ZAkVVbCMzaoklqEdURvF.wav
0,ZaNAKllRrGeEiRUvHPzs.wav
5,ZaRFVpKZhUsnjNyztWgE.wav
1,ZavHbCMVqOjFToHHaeMb.wav
6,zayewvwtenzdekcueyeq.wav
3,zAZeBSxGsugWyviAZGTZ.wav
5,zAzlmSFBegXatzZrnYwB.wav
6,zbdogqrrebtzcfialtgv.wav
0,zBdRNDsHinNclSoTiHAp.wav
5,ZbdwkpFGIdOQQNmithMA.wav
1,ZBFrcnDcSHKyYPGUZtqA.wav
7,ZbJLnNkkkXZCCibCcYrq.wav
8,ZBJWeuwVjmSQWeXUoOQs.wav
1,ZbNAtuZSMzBjeXLswRfB.wav
3,zBTIVuoOizOMpWdKLslC.wav
1,ZBTjomCUGCCnsrXIfHij.wav
10,ZciyOXhzLknJNrlAuhqw.wav
5,zCkCqpzkmOFjJIbZkXvp.wav
6,zcllcdzdnhoqjcbvzqgy.wav
6,zcniwdajqmaznjvglasi.wav
0,ZcNmZipJmJASxubDxiFK.wav
8,ZcNXQOlBZdZVSGouqBZA.wav
3,zcoigXmXyjgKWEwRoSdD.wav
2,ZCSsRLfnlnxDXTlqltMn.wav
2,zctJcBmSsmPkBnvATyEf.wav
0,zCUMIJAtYXHVXvRzKJSr.wav
0,zcZfAZQGhGwFQKkCcdmH.wav
10,ZCzsQAxiCGNwsVXFruDV.wav
6,zdcyoctmxrawbxlolnmv.wav
0,ZdFokpaYCRzzeweLWiyV.wav
3,ZdFTTrjTUXnyldWzMXoL.wav
10,ZDGrhudsalkitbducIZW.wav
2,ZDkRNGTpKthVKvhqzhWb.wav
8,ZdnkzipnLCFHXQJYtXda.wav
6,zdpotoiifhnfjwomwjdt.wav
6,zdsmgodgrqfqpshjegfc.wav
1,ZDwtXjlaUfMEkrlYckGQ.wav
8,zdXDGrfIhBrbGiJZFtjb.wav
3,zdxOEllqeYNqsnCjupLX.wav
6,zdzbksxuhaotldbdyumc.wav
0,zeDjnAclHCrXXRxIXhuE.wav
8,zedtJuCYGpKmEXarBmSg.wav
10,zEKqAhMKmsWtkCFckLPr.wav
0,ZEodsZLKRWODmVMlyXrQ.wav
1,zeQflzEmAibsIVifATZj.wav
10,zeQSXTaAmxYjerTBVJjg.wav
0,ZEqsZbOIfGiYnJcbIxiI.wav
6,zesyrcbejqudxdqueemc.wav
3,zetfvmHFxTaKTBwTKKAS.wav
5,ZETKnfJGabjckqjmaBox.wav
0,zFbbfJUDauRHNQxGVDJf.wav
3,zfJhFxKEANQAkkDLikgZ.wav
2,ZfJmGxjIZXzVOiqqsreN.wav
10,zFNsuiHTmZldpAhHEovx.wav
5,zfORUwtvuQGDYWVFVewq.wav
5,zfpmOfKJavtxiUDVcGdJ.wav
3,zfrmbIDbidIydgzhFpZj.wav
5,zFumgIpETexxHBBoENaJ.wav
6,zfvgcaxsqhuaovptolnw.wav
6,zfyofagutdrqutxqjpsg.wav
8,zFzJWyckDYgjRjpdPdPQ.wav
2,zGBCLpdlXWPMVEtLTpzI.wav
6,zgcqwhnxcerpkuspqvpa.wav
3,zgEwggStFXWaBDKIblUG.wav
10,ZgGGumUMBRBQMvOPpXsS.wav
8,ZGLhgZIfowynbUiaVbmj.wav
3,zgNvZQcMzmKLSdYwpess.wav
5,zGpCDLKBpIrlEweTGNOo.wav
3,ZGqHBzcLkjTAhYqaanmq.wav
2,ZGqolCYqgrZaKOKpQUGf.wav
7,ZgrUIjoMHoqdwroAdLuL.wav
9,ZGsFAnmiOjYPBjkWMHib.wav
2,zgsjzOUKYJLqAjqepQqV.wav
6,zguimialrxckuyxjfnmn.wav
2,zgvCLgnpRNDhVujVYsxz.wav
3,ZHBZVjbyYZngLlkzAjnS.wav
2,ZHcNsyVxKWyMnFBCMLiP.wav
10,ZHiMzkKMVYoyjNialQBZ.wav
8,ZhJXiXJthmBRaVmetfBP.wav
10,ZHmiNKYfpqPHDxkBjNsm.wav
0,ZHmzimjHlnnFlmIXLVIC.wav
2,zhOLXSHQyFoAfMmWGjSm.wav
8,zhoWESENleRHpoMczUUM.wav
2,ZhPAszzMIKmpuGwSUGKt.wav
0,ZHsEzlmgjrryiRNTsbMh.wav
6,zhsuzzppymwzgzswcggl.wav
10,zhtfkTIlKBoIUfRvFfDa.wav
8,zHwaslhHKeRUOritdGZY.wav
10,ZHXizboxCTBPhucNqcXJ.wav
3,zhXmiPquiNKCoKJDEEGm.wav
6,zhxqnjkyktdurasnuyjj.wav
6,zhynwdtxrqjpkfvrzshl.wav
7,ZHzVZJmeAOdrcHhfGucp.wav
10,zIAyMaUyjJvZdeOjjVzv.wav
5,ZIbnPjPPredMdAnjExrk.wav
0,ZIgFgofQuZpgfkVxxmuG.wav
3,ziGVmLIJLzmzTCNofaQB.wav
3,zIiHPBYOgPmLOZBSgVCh.wav
8,ziIVHjFzcclpOGagyLIl.wav
1,ZinyZLTguoGiDYJoufOa.wav
2,ZIPzchfMyVJmuMYxyDKc.wav
5,ZITboEDyRefozPBCoWXa.wav
10,ZjhMnREmyRhdEqxmRGYj.wav
0,zjNJvximWVIspbAIErWq.wav
6,zjqnpeqgtpdpymhpnzxp.wav
7,ZJuIBhmPnFVdOWfmKLJq.wav
8,ZjujBhXICBjcQlaubkqC.wav
0,zJUkKehnzkzzzJUsBAXt.wav
5,ZjVfKxLCTzxcPFjHehnW.wav
5,ZkaOJHdXBFqXruBHwkld.wav
7,zkhXxaRqUcSCXnKRunGK.wav
1,zKJUeZIOfeCsZKvxVUpg.wav
10,ZKlnEPwpmlueFIpckhmF.wav
2,zkLomAyCCfxMbXBGhQwi.wav
2,zKMBhQDqpoZAFLeowOEB.wav
9,zkMmcXWODCDqbGqGAuAR.wav
1,ZkOpBjMTtQOxFysRNVIy.wav
7,zkOPgMfeIRWMxDOEnnDN.wav
3,zkPySbfflBMlXCvOurBR.wav
10,zKRBNFOUgRjXQbmrsPSc.wav
6,zkvczbdprmlpeagkikys.wav
6,zkzhqilwgfomrmolpdvz.wav
6,zkzxkhndectvqzvevgjy.wav
8,zLlTtyuuRkizDesHUuAd.wav
10,zLOwQWSPCzuKyPEfigpO.wav
3,ZLUIcRUFvBAtxNGWeMPJ.wav
5,zlwkZByLYXfRlgseXVEK.wav
6,zmbilidvbmzihsbpwbju.wav
5,ZmBUzjgHqPjDnuyTzTsq.wav
6,zmgbgcbwahczfeaqynvh.wav
8,zmgZvMnhbEJblWvopLhx.wav
3,zmIXxVwsYofCHfCVhgsn.wav
7,zmjGWNVekAGIaVdSNWQp.wav
6,zmlbgpmwgicblciidwpz.wav
7,zMlgLKySgmYfiTNYhESY.wav
5,zMmatETUfIuXVxCuHaju.wav
8,zmmDuBpStjTBzZQmDhKB.wav
10,ZMnFsEFJknwbMwACIfBW.wav
3,zmOExWjgEeRrcQOuJMLs.wav
5,zmRXIOBAHheILfXEJMlb.wav
6,zmtcdqbyxmqvruxfadad.wav
3,zmTzYvTkPJvvwwfzllwr.wav
10,zMVuoehNVwkUjHcXVXJr.wav
6,zncqowtuwvzrloyjwfmg.wav
0,ZNGmhmwQrSqHKGMKWjDM.wav
3,zNgOeUxQWlhzoGymlrIQ.wav
6,znjxdhckragowskmmzbp.wav
10,ZNOdcTPWGwDbXSBYanYf.wav
3,ZNPGsFtZvUkyfIMwOzpg.wav
5,ZnqvNZOmIfkZxjgUqPfc.wav
7,ZNUrIrtQFdOlVEMTjHzA.wav
2,zNuYIgPrgcTzshtVdUXQ.wav
6,znvrzydijafawfxnmxhe.wav
1,ZNWKpVQBOndPKuGZZWNn.wav
8,znwUtSkQsEPHEHqiGyyI.wav
10,znxgyduQyAPiowNpTKlm.wav
0,ZnZojoFPgrCcOzOLAdbF.wav
0,zNZRqYXoXnaRnnQqlsjt.wav
6,zoauvogqwbngvhvpgyjd.wav
2,ZOdNaqXgRlwiJqNwdlre.wav
2,zOKCYmnXrVrISwNJRRqS.wav
3,zoLMCpUWsuchTFNIKvQa.wav
6,zomammswgohizgkmesym.wav
3,zOnvsEMNeCkApXXOWffV.wav
1,zOSUTAERYNERheYaJqPk.wav
8,ZotHRVlNDKBUXVnlePHH.wav
10,ZOUWRDjzIjmEzVYZiKBT.wav
0,zOWXdtjvGHkrYiKyCeGX.wav
7,zoZVzDBwKdwPYIFFkUuo.wav
5,zpadqbYSOKCxAaysiwGF.wav
3,ZPAtegCSCknPZWZcZeml.wav
6,zpfbgblovfgmlpjkyppb.wav
6,zpfxmwierrhzlrzkszam.wav
0,ZpgwZpVdordGNMtyQRpP.wav
8,zPIYSovsIvehbIVRDnmm.wav
6,zpkmmkvbfebwmzpxdibe.wav
10,zPkymmITFqPLKFEclUVJ.wav
0,ZPLkCRreYdlIlivJHvcc.wav
6,zpwipspdayeoukdbvwbk.wav
2,ZQaJkQhjRRQzSzagZGUD.wav
2,zQCoEfiIWdSKxGQEDhzp.wav
6,zqhwvsbprxbufpruchrp.wav
0,ZqKLJpHCshugigomYObx.wav
8,ZQNbNHNPztACnLPfbKZH.wav
5,zQnYGISXZBRzGBtVqufW.wav
3,ZqOMjKeoLAKNUkdUgbdu.wav
3,zqslmHAjKZGAIOjzxiBY.wav
3,zQSUGAISocLpUoVWIKEv.wav
1,ZqxdxMWqDGgZWLERyzKM.wav
0,zqxWbBfRzpGYkdAOUPEn.wav
10,zqylGpnXmKDawgcYSgck.wav
10,zRbZLOkzCvsiKnVpdLwO.wav
7,zrclsIXFqDowLMKdsGlO.wav
10,zrDRluXMyGdpNIqmfqsv.wav
8,zRESVgnVXeGOABIILIpL.wav
1,ZrhNDXuyeQilyPREFFBW.wav
0,zrLNUCmraZuYzkQOVlHI.wav
0,ZRMSWOqIYMncAUFpZviS.wav
10,zrNStxSmFLljzJftqYsW.wav
6,zrpushtxskwxhmbnxlic.wav
8,zRUYzbibcHyMSTzAYism.wav
3,zrZdDRhMGSdYNUCwigVN.wav
10,zSCGuitBBiAuutZiSmxy.wav
6,zsdqusxuzjurhvwdbkrb.wav
10,zsENEnDysTaWAJTzkJWC.wav
2,zsfezZbCjzUMtTOCLcGx.wav
10,zSgRYPDYCNWBlTUnIFXs.wav
5,ZShVgzLiUAbGHcxTOjON.wav
6,zsijkcpygmozolhhryda.wav
5,ZsQrcGddFeDyMxEtdEDX.wav
6,zstppleltabiqvxhztar.wav
0,ZtapKdbZuSQAkcAbCXlB.wav
2,ZtbAwMLdqknsevrfbsly.wav
6,ztbuasejkpibmscqunuv.wav
6,ztdpnbdmxxctpaoclvcc.wav
6,ztfmeijuzdtllharvrak.wav
5,ZTFONtQSRBcUyTYdeuwd.wav
1,ZtpepEwjHmbppmCtUSDe.wav
1,ztQObUwotHEoYPcoIkxx.wav
7,ZtyzloTauVvfGMLHYSLJ.wav
3,ZtzbMKKVWPxkHuRVLOqE.wav
5,zudcfACIaOVNznaLolnM.wav
1,zUHpdDTaeOBwOfILJwQl.wav
1,zUIeJRlIHvnmRBMWSsqo.wav
5,ZuKNtwlwIygidLXhMZhH.wav
3,ZuKOaSrIoYyyCRgwXPwb.wav
3,zumROnPLcUsNvdhUFUTO.wav
5,zUnCpcpILOQJQPSaeZxj.wav
3,ZUOmiofebFruYsjHDiXM.wav
5,zUQqUyZNYpeFMtUTgPmy.wav
8,zuTJAZypRfdigXGYjjLm.wav
1,ZUtmZPVufkZnaXWTZuiH.wav
6,zuwaivtwymguksgffvne.wav
5,ZVBPNtPPVuXuvPDyXxhK.wav
1,ZVchQKLbNEKUxoYbMwTt.wav
6,zvcilkbvgkzjdugafpsk.wav
1,ZvePjtgpXuTWDBDKGxLU.wav
8,ZVFhbynSJVTmprSjcWvL.wav
10,ZvimajGCGsjastSYUmNW.wav
1,zVjbVqyGPtIFGDkCbeCP.wav
1,ZVmayXuLjPyUbyIQiLAg.wav
1,ZVohOTYhjzYquGryKtiH.wav
3,zVqIPQAGsOubdmBoKZbr.wav
6,zvqrervtuxnmomdlbesj.wav
3,ZVsWxQIKZuedcCCtApkQ.wav
5,zVTKsrUbVGqYTmBqtrNV.wav
0,ZVvZKUuBgPsxVyUnEoUP.wav
10,zVykTaExdvNpEIlBbTcP.wav
6,zvzeiiwkreugixolssae.wav
7,ZWcLtQRjTBIPRDaHcwTm.wav
8,zWDmkmjqzcoQoCkJCUxp.wav
3,zWFxVvnnPxSftZFmmZWw.wav
1,ZWFzFJeCmLpdLbaxLCSp.wav
3,ZWGhFtGPbNDBBzzYyrDN.wav
1,ZwIYHutBjgLvfyvOCNNM.wav
5,ZwMcbcQrTWxwjaKpkwYz.wav
10,zwrxwgHgTIWygJvFKjPD.wav
10,ZwuOEXBBFiOjVbBNxeMB.wav
8,zwWYFPXMuxBTLopwunlK.wav
7,zWxIwPRugxBfjEvllLvs.wav
6,zwyrbsvfipqcdwucttjq.wav
7,ZWzeWAJaWgPredhtzfTA.wav
3,ZXAkDHhoCimTaYsWpQRW.wav
5,zXALVsgOueEAaprDSDje.wav
10,ZxFBgfDNcPJBwGpEZoDv.wav
2,ZXGspIwqivrrSHXPvsaf.wav
9,zxhTrfaeWGNTpyOTRlvF.wav
6,zxlfjcoerjdjrcqohlof.wav
3,ZxmoYCPAkaNExIdhHVuq.wav
10,zxPKpPkBHdeaLnGUbTmS.wav
6,zxxhmlcwpgpihrbsgzcr.wav
5,ZyAjGZhfSWKRxXYlJMKt.wav
2,ZydSKBDoXSdvrOdVKpCK.wav
5,ZygnsVMwBjduohwqPuDm.wav
2,ZyzjaKmbdgPnEaOTREBv.wav
3,ZZCeyiWLzwMNTglxqOMh.wav
3,zZJOzQnQFdkzGgJwGvyV.wav
8,zZMJtpWguaQcshLZtqdb.wav
2,zZnDZwTlSdqoPOMaBRvZ.wav
8,zZTWtZJeyECJpqhiYOgi.wav
7,zZVOSLpjRYhvmpKwINCt.wav
5,ZZwNaVfDRLMFBQOYvFAT.wav
